台媒报道深圳全城抢菜但剩两样无人买香港疫情延烧一个多月深圳也跟着受影响卫健委13日宣布进入半封城状态停止一切非必要流动《东森新媒体ETtoday》记者访问王姓台商表示政府原本12日宣布部分区域居家上班相隔一天变成全市「封控隔离」当时很多人还在上班都慌了来不及准备两星期生活物资「广东人即使没东西可买对吃坚持到底」住在罗湖区的王姓台商分享13日晚上真实见闻当天全深圳市的民众都在抢买蔬果肉类每家店铺货架几乎被一扫而空连酸菜都卖光光唯独大红椒辣椒和鱼腥草在广东人心中毫无地位剩下一大堆也没人买	0
宝安什么时候解封我真的好想好想出去玩	2
被封的第N天 精神失常 黑白颠倒	2
如果你叫了外卖找一小时也不一定能找到 少吃点当减肥了	0
今天20号外界以为我们早已转移村里的确诊越来越多我们仍然困在家里不敢开窗户堵死下水道每天做全屋消杀期待早点转走然而转移出去的结果更加令人绝望多人不分男女混住在一起洗手间甚至没有门加剧了风险令大众心寒更加浪费大白的努力他们已经辛苦工作一个月期待早点转移的居民现在已经看不到期望看不到尽头请求不要漠视生命愚弄大众糟践公信力	2
2022年3月19日星期六1030我市举行疫情防控新闻发布会邀请市人民政府副秘书长黄强和市卫生健康委员会市医疗保障局宝安区盐田区有关负责人出席通报我市疫情防控最新情况并回答记者提问敬请关注	0
明天依旧是居家办公的一天	0
2022318 小区封控隔离第四天1 今日无新增这是最好的消息；2 收集这几天群里各种大白们的视频和画面守望相助共克时艰感恩	1
3月12日深圳市南山区月亮湾社区向深圳市集装箱运输协会发出告知函称核酸检测采样点发现有人冒名顶替货车司机采样伪造核酸检测报告的行为15日深圳集装箱协会向全体会员发出警示公告要求行业从业人员积极配合开展各项防疫工作服务抗疫大局	0
很多群在发这个图和医院证实了为真实消息请放心医院担心有宠主把毛娃娃放置家中得不到照顾所以决定寄养毛娃娃实行免费	1
封城之后邻居的手机已集齐各大买菜软件	1
我不想疫地恋了	2
深圳宝安核酸上门服务没看到宝安西乡乐群天天排队三个小时才能做核酸麻烦关注下谢谢	2
没有一个晚上能睡的好觉的生怕突然就来通知转移我在前司天天加班到十点十一点压力都没这么大需要带走的必需品在3-15晚已经收拾好了到今天都不知道是该拆还是不该拆 今天醒来我们楼栋的小伙伴都红码了大家都不知道该怎么办希望政府能尽快解决我们的问题安排人员清理楼道垃圾给我们分发物资到户并且加上饮用水希望明确我们之后的动向不要再一直给我们重复等通知了	2
快点好起来吧	1
在深圳得了新冠的死亡率是001不上班不搞钱饿死的概率是100好真实呀[捂脸]	2
宝安西乡全部封了什么东西都送不了了唉自由七队4巷6号从227号封控到现在也没有物资配送每天只能看着隔壁福田南山的物资太香了一帮人一个月没有收入还各种支出太艰难了现在形式越来越严重西乡全部切断所有配送也没有人管一下物资配送的事情是我们不配吗	2
“核酸点撤走了社区又不允许自行外出做核酸检测不参加检测的还要罚款拘留”可以啊骚操作不来帮你测也不让你出来测但你得是阴性哦	2
靠着看猫狗洗澡视频治愈自己	1
今天春分暂停了7天的城市迎来忐忑一天的等通知感觉要比过年还要期待不是工作需要我们是我们需要它	2
抗疫倒下两位大白而微博还有人投诉社区工作站咨询电话无人接身边有分别做社区工作的和做大白的知道他们工作量有多大有多繁琐吗现在很多问题多少有些混乱除了努力保护自己保护家人尽量不增加社区工作量吧	2
都往人堆扎吧口口声声不聚集	2
隔离满月了 给自己开瓶可乐加俩香干 就当满月酒了吧	1
居家隔离3岁娃不能下楼玩耍无处安放精力今晚尤其兴奋大晚上攀爬和奔走结果滑倒磕破嘴了 我曾说她有一百种奇妙摔法虽未及百但自从开始计数起有近20种了	1
这几天不出门感觉大家忽然被憋坏了昨晚收到好多微信聊天做客服到零点 打字打到手筋疼有朋友说感觉疫情期间人容易脾气暴躁一下子想到好几件事是这样的看来大家注意只能识别情绪相互体谅了	2
广东的疫情正在紧要关头福建的疫情又起来了	2
对于饲养大型宠物的具体安置方式希望好好研究千万不要几棍子打死之前网上新闻案例里的处理方式已经给我们造成伤害产生阴影了	2
属实没搞懂为啥要大老远把上沙居民拉来龙岗 拉来了也没安顿好啊看到一个居民发文说部分去了酒店 部分只能在车上	2
早日清零解封自由看海赏花	1
小区出不去检测核酸点少反而集中到一块一点都不安全而且还吵架打起来了不止一次我们还要居家办公小孩上网课等等希望有关部门能重视	2
为什么宝安区新安街道的核酸点晚上七点半都关了昨天早上做的核酸晚上出的结果明天上班就是72小时进不了园区能不能留一两个常用核酸点自费也行进小区也留一两个门排队回家又要半个小时宝安实惨	2
春天来了想和朋友去捡木棉花了	1
关于深圳陆路口岸实施防范区和管控区分级管理的通告	0
求求了快点帮帮这些无助的宠物们吧妥善周到的处理措施相信深圳一定能做好的希望能赶快执行起来不要伤害无辜的生命啊而且代入一下塘晏村的居民们真的会觉得很无助求求了希望相关部门尽快关注到这件事	2
排队做核酸的时候为什么我总是能遇到前面一个人随地吐痰还不好好戴口罩深圳疫情这么严重还没这点自觉	2
深圳的疫情啥时候结束啊啊啊我真的不想在家上班	2
又是志愿工作的一天今天是幕后的小仙女	1
冒名顶替代做核酸的汉奸们我祝你们全家原地暴毙吧	2
深圳市福田区新型冠状病毒肺炎疫情防控指挥部3月18日发布通告根据疫情防控工作需要自2022年3月16日起福田区在沙头街道划定封控区沙嘴社区沙嘴一坊第41-44栋第47栋第50栋第53-58栋第63栋第64栋第67-70栋第75栋第76栋实行“区域封闭足不出户服务上门”的管控措施以上区域管控措施按相关防疫规定执行区域内居民如遇到生活就医心理和法律等困难可拨打暖心服务热线福田区28813300生活就医困难4000343580心理和法律专线沙头街道82889813以上措施自2022年3月16日24时起执行后续将根据疫情防控形势变化及时调整深圳福田区在沙头街道划定封控区央视	0
我朋友被拉去隔离已经第十天了本来说好酒店隔离十天居家隔离四天昨天突然被转移到别的地方不发水不给点外卖也不说还需要隔离多久打电话给各个地方说法不一隔离时间到了住的小区不接收她她家的猫已经自己在家八天了猫粮和吃的快没了他们现在一群人在懵逼状态没有一个确定的说法就干耗着这就是深圳的防疫政策一线城市都这样其他地方呢就不能搞点正常	2
居家第四天村头的河堤边才能肆意的呼吸出小区的路今天下午已封可能明天去不了了	2
深小卫怎么还没发 想看看是哪里的新增	2
平平安安	1
徐梦洁 宝贝要顾好自己哦	1
深圳对于疫情的防控措施真的是让我大跌眼镜 再这么下去没两天就破千了	2
以深圳温度而感到无比幸福幸运与自豪我相信只是时间问题疫情会过去深圳会好起来深爱这座城	1
我还是很支持深圳市领导的做法你今天不免去福田区领导的职位下一个中央来查就是免去的就是市领导的职位在其位谋其职深圳福田区作为中心区关系到CBD关系到经济不好好防疫尽快清零每天新增69都是福田的真是很难不说福田区领导不作为	2
居家隔离的第8天是	0
千里送人头吗	2
我已经一周没喝到咖啡了我已经20多天没吃螺狮粉了什么时候能解封啊	2
疫情结束后你最想做的事是什么 河北新增本土确诊38例	0
宝安21号能解封吗	0
解封后瞅着货架上摆得满满当当的蔬菜也感到很开心 后来在百果园看到很好吃的提子品种叫“秋天脆”很脆很甜开心地挑了一串去称重被告知价格后又厚脸皮地退回了 什么时候葡萄得70一串了	1
真以为这个疫情是为了让世界上只剩下人类吗 转发关注愿毛孩子们都能平安度过	1
民生多艰 唉希望早点结束	2
抗击疫情 央企行动 每一个我们都不可少 近日中国能建葛洲坝市政公司深圳轨道交通14号线项目职工前往当地社区街道开展志愿服务有的在各防疫卡口协助核查进出人员有的在核酸检测点维持现场秩序有的帮助现场老人做核酸检测扫码登记有的在核酸采样时负责扫码有的负责对人员聚集区进行消杀等一场同心抗疫战斗正在紧张进行 北京	0
3月21日深圳在隔离观察的密接者中发现19例在重点区域重点人群和社区筛查中发现9例新增病例	0
我真的怕了看到這樣的事情很影響港澳台人士的信心國家一直在強調大灣區希望我們融入但許多高端人才也是有養寵物的這非常打擊我們這不是國際常用的手法希望國家能看到我們的心聲	2
不大的小区快关不住这群小朋友了能玩的玩具都玩的差不多了滑滑梯也被圈起来了物业的小推车成了大家的新玩具	1
深圳政府把福田滨河大道以南的整个区域几十万人作为管控区区域是否符合国家精准防控的方针为什么滨河大道以南的所有社区因为上沙出现的病例要全部陪跑要一直不断的1477的层层加码管控限制居民的正常工作出行没有解封标准和解封时间连续14天没有出现病例的社区为什么无法及时解除管控	2
sos	2
那些被拉走的朋友 真的是出去遭罪 我们这些通知了还在等具体消息的人 也睡不踏实	2
基层干部不作为	2
每天一觉醒来希望看到的就是零新增	1
宝安的核酸检测点实在是太少白天在福田不用20分钟就能完成检测小朋友的电子手表还可以存有核酸码回来看到小区里排着长长的队伍更别提外面的人去哪找核酸检测点了哎心疼我们宝安打工人	2
如果你觉得医护人员采核酸让你不舒服了那就对了一根棉签捅到咽部会引起咽部反射是正常你没有理由去指责医护人员谁愿意大热天穿着密不透风的防护服去采核酸就算没人也要等到深夜你要反思一下为什么你不愿意张开口让你说啊你为什么伸舌头为什么你要向后躲因为看不见咽部医生只能捅遗漏一个阳性对深圳2000万人这么大的投入这么大的牺牲绝对不允许	2
这深夜卡点的鞭炮声尖叫声还有烟花是庆祝解封吗 结束了可我还在等通知呀我们管理处的咚鸡什么时候能出来呢要不我现在下楼往大门口走出去试试会不会放行	2
月亮不睡我不睡	0
解封日即生日 整挺好的许愿今年顺顺利利 疫情早日解封吖	1
深圳之行一推再推又推快清零吧	1
居家第5天上天台写生吧	1
这个疫情什么时候才能恢复正常啊最近豆音全是国外躺平的新闻社交软件刷屏这种新闻可能之后也大概率躺平吧感觉再探国民口风再不躺平经济要撑不下去了	2
周总理的亲立部队给点力啊我都能猜到是谁	1
来做志愿者接下来的生活居所深圳加油	1
深圳停摆那天在阳台拍的黄风铃解封今天在阳台已经看不到她的身影了黄风铃明年见深圳加油	1
居家办公总要有茶相伴茶	1
居家日常家庭影院	0
已经居家一个星期了 除了下楼做核酸 这b疫情 哪也不能去 人快疯了	2
喜欢这种无干扰的上班氛围	1
听说深圳快要被解封了明天就可以出去了好开心的感觉不知道政府能不能hold的住不然又要有第二次 上海 泉州看来比表面的应该更严重啊	1
呵呵 精准防控就这 画一个大裤衩 都不许出去 都一个月了 小区和附近好几个小区一例确诊密接都没有 太精准了 民众都苦不堪言	2
这个疫情彻底过成美国时间了我真的会谢	2
疫情快快滚蛋啊	2
深圳新增39例本土确诊深圳人的一天已入夏 早上八点 起床 赶去做核酸因为早上凉爽还没有到上班时间上午九点半 开早会一般开到十一点 上午的时间基本无了除非你不按时吃饭然后可以忙到一点多午饭➕午休半个小时下午两点开始上班一直到晚上十二点还在忙全天工作时间加起来差不多十二个小时原来的交通时间全部变成工作时间工作量多的你永远不知道还有多少没做完我感觉去工厂拧螺丝都好过这样身心煎熬因为老板永远都觉得你慢毕竟居家谁知道你到底是不是这么忙正式居家的第三天我已经烦透了这样疫情快点好转吧希望一切赶快恢复如常	2
已经第四天了没人管饭没人管核酸检测甚至没人管我是不是可以出门甚至电话都没有一个打过来说要怎么安排的 我是红码啊没人管我肚子饿想吃饭啊	2
求助家有宠物的怎么办现在官方没有给出合理的答复	2
无家可归的日子里有在认真工作	1
深圳要快点好起来啊	1
我学会了种韭菜哈哈	1
福田到底能不能出啊	2
本土3311 密接者中发现30例筛查中发现14例深圳卫健委2022-3月20日0-24时深圳新增44例本土病例其中2例在社区筛查中发现3例在重点人群筛查中发现9例在重点区域筛查中发现30例在隔离观察的密接人员排查中发现； 33例诊断为新冠肺炎确诊病例11例诊断为新冠病毒无症状感染者	0
交往过的对象都没有疫情时间长	2
失恋了就去西藏单身了就去丽江想我了就来村口我每天都在那做核酸	1
都是下班加班后还要排队做核酸的社畜	2
风都是春天的味道	1
帅哥靓女你们在干嘛	0
值得期待 慢生活周的第四天 中风险区 第五波疫情死亡率054务必引起深省	0
信用卡申请“三亲见”原则申请人在申请信用卡时必须经历面签环节银行风控系统有“三亲见” 原则三亲见要求必须亲见本人亲见姓名亲自审核提交材料的真实性执行三亲见是避免他人冒用别人的身份证办卡同时也降低银行信用卡业务风险所以无论是线下申请还是线上网申面签时都要求三亲见只不过线下是申请时同时面签线上网申是先申请预审批通过后再补面签	0
我好难受想跟大家一起回去上班	2
出门干啥都要48然后现在没有核酸检测点	2
居家防疫到顶楼天台放风我们的生活常常困于一隅却浑然不知美好一步之遥	1
快乐不属于福田区继续封闭7天所在区域无确诊病例无密接真的是谢谢了	2
深圳身边事凌晨两点醒来发现楼下有“大白”彻夜守护 3月13日广东深圳凌晨2点市民醒来发现有“大白”坐在楼下彻夜守护有人在安稳睡觉有人在暗夜里无眠	1
频繁记录进入“管控区”第二天你我都要平安才好	1
头一回发现下楼丢个垃圾风景都这么好	1
昨日深圳新增6936累计105其中福田69南山15宝安7罗湖6龙华5龙岗3福田上沙塘晏村上沙龙秋村益田花园重灾区南山多点散发宝安昨日朴朴新增19为不实消息但是西乡街道沙井街道还是多点散发	0
核酸检测进入一个月之际深圳的今天开始了暴雨模式一早醒来第一反应是今天的大白和志愿者们怎么办连续几天听到大家的抗议其实内心真的很难过	2
25岁生日愿望疫情结束	1
喜大普奔深圳有爱	1
不懂就问如果是小区自己封了不是封控管控区也没有大白进驻此时小区内部没有能正常供应生活物资的小超市等店铺社区工作人员是否有帮采购物资的义务还有什么比较好的解法网上买菜实在抢不到啊	2
已经在上沙隔离了有26天了今天又有新增真的有点绷不住了感觉自己的脾气越来越差情绪也有点控制不住了	2
这sb想出的核酸强检 已经被连续强检25次 现在新浪微博只要是沾带香港的大多都会被和谐导致很多人不敢说真话不能说真话深圳这次疫情和香港关系密切这是不争的事实看一下深圳最早发生疫情的区域福田上下沙福田保税区宝安前海湾片区沙井这些都靠深港海岸线的地方我们不以最坏的恶意去揣测别人的动机可深圳政府加强深圳湾海域防范措施增强夜间巡逻力量这些都已经说明一切但这些不可言说香港疫情爆发以来深圳政府和中央政府给予最大的帮助和最高规格的援助深圳市民也是给予理解和支持可这些并没有换来对面一些人的理解因为这是骨子里的偏见所致就像前两年疫情刚刚发生时有的香港人会认为疫情是从深圳到香港的输水管道传播进去一样无知又可笑偏见加无知就会使人愚昧电视剧上海滩让我第一次认识了香港明星歌曲东方之珠让我第一次了解了香港八九十年代的香港在明星效应和地缘优势衬托下简直是内地人心中的天堂之地很多人去观光旅游去购物进一步助力了香港的经济繁荣现在的香港像一个被宠坏的孩子任性挥霍着以前积累的荣耀和财富肆意放纵自己的骄横乖张却在慢慢丢失自己最宝贵的勤恳与真诚今天的香港或许在回归的时候已经注定了今天的局面有时候肆意妄为的民主可能不是真民主看看现在的乌克兰就知道没了机制约束的民主比有序开放的专政要糟糕的多盲目的激进没有撼动大象也没有扳倒骆驼瘦死的骆驼比马大骆驼失去一个驼峰还有一个能储存能量羊群吃光了草地早晚会变成沙漠当深爱这片土地的人也会因为土地的贫脊而心疼不已当大多数人不能香港已没有那么香	2
突然间有点想念以前到人多d生活 排队吃饭排队付费排队购物排队工作etc除了排队做核酸 希望疫情赶快结束一切恢复正常 大家一起加油很快会好起来的	1
完了 宝安西乡的朴朴员工宿舍被隔离了	2
在深圳养宠的我每天瑟瑟发抖 希望深圳政府能合理妥善安排好宠物安置问题	2
居家的第四天炖燕窝日常测核酸1小时外出买水果满足	1
高高兴兴上班平平安安下班纪念	1
已经渡过潜伏期了开圈吧开圈吧搞钱最重要	1
上沙塘晏村连续19天没测出阳性13号解封测核酸才能出门测出3个十多天没测核酸的人是阳性当天感染那栋楼19人全部拉去隔离解封那天是聚众测核酸排队至少2小时问题来了之前上门核酸挨家挨户为啥没抓到这两户人没有测核酸他们的社区工作咋个做的而且一天就感染十多个人真的好离谱是潜伏期长还是那栋楼上下楼梯不好好戴口罩麻烦福田政府给个交代现在志愿者也有感染了要塘晏村搬离去哪儿不说什么都没确认好转移过程风险谁承担我在家上门核酸可以保证的安全出去谁来保证我们的安全配合防疫要求已经居家隔离23天为什么老是要为领导拍脑袋决定的事漏洞百出的防疫办法擦屁股	2
在这个封闭的学校里面头发长了人胖了神经大条了外面的世界真的是太好了烤鸭烧烤火锅烤肉游戏厅等等这些只能梦里见了希望疫情早日结束深圳加油中国加油	1
这防护意识绝绝子呀当事人我求生欲比较强	1
居家办公 一起加油 4月份的旅行可能泡汤了	1
新冠偷走了我三年的时光 以后对外报年纪我都自动减3 我今年18	2
无聊啊	2
深圳解封了复工了冲个凉剃个胡子抹点水嗯今天这香味有点不对哦我特么抹的是香水	0
小卫还没发 我七点半等到现在啦听说快过百了都在哪看啊	0
抬头张嘴 啊	1
深圳人民都在欢天喜地就差放鞭炮庆祝解封呢我们继续续费一周呵呵整个3月都在家里每天除了下楼做核酸就是家里真好真他妈好啊	1
几千万人口要筛查到什么时候还有一些居民还是不配合做核酸现在不配合做核酸都要上征信	2
宠物集中隔离绝对大量死亡	2
看不到春天了嘛	2
慢下来的深圳让我再次爱上了天亮静悄悄曙光在前头	1
一刀切政策	2
咱们就是说插队死全家问她干嘛插队也不理我	2
春风送暖便民常在我们期待您的参与	1
深圳加油晒出我的冰墩墩	1
要来我宿舍吃泡面吗	0
很可怕的样子今天应该是有不少地方爆发的上不了班赚不了钱看起来遥遥无期最终我们会不会像国外一样与新冠共存	2
整个宝安找不到核酸检测点是觉得宝安人民都不用上班的吗	2
深圳市罗湖区发布情况说明今日有网传视频称有一女士外出购物时遇到应急管控家中小孩无人照顾经核实3月6日凌晨1时许因罗湖区黄贝街道黄贝岭村发现1例初筛阳性病例按照防疫规定实施应急围合管理所以该女士在村口卡口处向工作人员求助经现场工作人员核实其非黄贝岭村居民家中仅有小孩一人持有24小时核酸阴性证明考虑到其实际困难在严格执行转运防疫措施的基础上协助该女士于1小时后顺利回到家中社区工作人员事后已回访该女士其家人安好并对社区的应急处置表示理解	0
深圳疫情封城7天我自己不容易但是别人也不容易主动给房客免除了半个月房租半个月是4350元愿这个社会能够多一点点美好[心心][心心][心心]	1
今天真的很气愤为什么深圳疫情都那么严重了工业园区封闭管理的情况下顺络电子的员工只是租了阿宝科技园的宿舍每天居然可以随意进出工业园还说得到了福城街道的批准大厂现在关系通天了吗	2
看到核酸检测48小时阴想起明天就过了48小时赶紧去排队做核酸幸好雨小了些刚做完核酸雨就大了起来不知道明天什么时候出结果如果9点后才显示结果那上班就要迟到了；如果9点前显示结果就好今晚估计又睡不好了又要刷核酸结果了这样的话还是要每天做核酸才行啊	2
街道办电话永远打不通区热线都是电脑客服12345热线直接让我去公众号究竟去哪里反映诉求	2
当知道外卖从业人员为了工作露宿街头以后深圳的部分酒店和学校开始向外卖从业人员提供免费住宿服务骑手可以通过外卖平台查询和申请住处从新闻里看大家对这样的安排很满意深圳虽然已按下“减速”键但他们却被按上了“加速”键感谢这些每天给我们送外卖的小姐姐和小哥哥们疫情当下深圳有爱	1
宝安你别再严重了我求你	2
夜幕下的深圳 自律只有中国人才拥有这样的自觉性	1
深圳新增病例轨迹涉及龙岗经初步流调3月20日0-24时深圳新增病例近日主要活动轨迹为龙岗区 吉华街道烈记肉丸兴万城生活超市富海早餐店请到过以上地方的相关人员立即报备	0
都疯魔了	2
疫情更加严峻了管控更加严格了被迫住医院的第二晚	2
已经开始恢复区域开工很快我也能上班啦	1
凭一城之力抗击深港两城疫情咱可真不需要就这么硬气	2
躺尸的第四天	0
有点滑稽却又是那么现实	2
求助求助 小卫小卫看一看	2
被封闭的第二天	0
解封啦第一时间来到山上出汗走起	1
别在用吹捧深圳速度解封来讽刺上海疫情了两个城市半斤八两所谓的解封也就深圳本地人能感受其中滋味吧	2
睁眼看到朋友凌晨四点的消息感动了；也感叹女孩子有了宝宝的辛苦和伟大	1
在山里呼吸新鲜空气	1
20220315家常菜开始控制2天出一次囤了点菜开启足不出户的生活家常菜 爱生活爱美食	1
每天出门就是做核酸拿快递买菜	0
感恩	1
所以网课可以多上会儿吗	0
谣言进化论塘晏村部分巷楼层要拉走上沙整个塘晏村要拉走沙头街道整个上沙要拉走福田整个上下沙要拉走深圳整个福田要拉走广东整个深圳要拉走全国整个广东要拉走外媒中国要X溃了信息传递的过程中不停地被添油加醋谣言就是这样被传播非常时期我们面对信息一定要有独立的思考能力保持理性思考和判断不盲从不人云亦云	0
今天是大白呀很幸运所有群众都是配合的收获n多叔叔阿姨 爷爷奶奶们的关怀疫情快快过去呀	1
3月16日0-24时深圳新增91例其中新增本土确诊病例71例新增本土无症状感染者20例	0
最近我发现一个规律只要有小道消息说是谣言那第二天都会应验他们都是真的	1
再封下去我就要疯了连福田都通知下周上班了宝安能不能给力一点我已经连续四周没去公司了	2
今晚深圳人的过年夜放飞了自我外面的车流声呐喊声特别大福田区听着别的区疯狂的声音	1
失眠快关傻了	2
看把大伙们无聊的	2
终于知道我为什么没办法在家了运动了虽然教练陆续在直播开了课我在家里不穿鞋不是躺着就是坐着无法直立起来	2
史无前例的在家办公了一周深圳的咖啡店啥时候能开	2
深圳逐步有序恢复正常秩序了站在全国防疫一盘棋的高度来看相对而言深圳更有责任更有担当一些至少深圳疫情外溢影响最小只是深圳自己商业及百姓受到的影响太大期待政府能对小店经营者中小微企业给予更多支持和补贴帮他们缓过难关另政府可考虑引导产险企业推出深圳专属的商业经营者疫情险通过经营者购买政府补贴的形式给予支持	1
疫情剥夺了我可以享用麦当劳双吉汉堡瑞幸生椰拿铁茶百道黄金椰椰乌龙台盖芝芝山楂家门口的肠粉米粉和云吞的权利我尊滴好想吃啊	1
关于持续低烧和味觉减退这个事我并不慌	1
慢生活还房贷银行从来不会慢谁又来保障小市民的利益	2
我参加防疫快要一个月了刚来那几天我以为和之前去社区协助核酸一样一个礼拜或者半个月就能结束没想到深圳这次疫情比我想象中的还要严重多了感染速度很快从一开始的一个村子后来蔓延其他村再到其他区最后全市几乎都有病例到全市开始核酸的命令下来大家一起工作了快一个月这段期间有工作人员倒下了去世了医护人员的手因为不间断的进行手消变得皱皱巴巴网络上不断的出现造谣出现为了避责而伪造绿码的跨境司机一系列不负责的行为有人在负重前行而有人在心存侥幸我希望疫情可以快点过去我想回家	2
深圳停摆第四天既然哪里都不能去就来跟唐老师学Swing Jazz Swing风格架子鼓教程 第46课BPM=200快速演示感受一下天下武功唯快不破	1
希望黑暗早点过去黎明总会到来	1
深圳明天到底要不要上班啊今天没做核酸核酸明天就72小时了	2
所以说真的一开始就该狠下心管福田啊还低风险挂了那么久的低风险结果就是蔓延	2
小区今天通知不开放核酸点其他小区不让我进 怎么保住48小时核酸	2
深圳卫健委发文后带着宠物去酒店不让入住说是给安排却被骗回福田的录音	2
解封第一天上班有一种如获新生般的感觉 空气是新鲜的一路上的花都开了心里念想你我总会相见吧	1
55+37 早上起来看到这个数字属于是吓了一跳怎么不减少呢	2
深圳什么时候可以好起来足不出户一周了	2
生活真的很无语	2
汽油涨价我认了为啥卖油条的也涨价他用98号汽油炸的吗诶什么都涨就工资不涨	2
不知道是不是晚上的手机更好看昨天硬生生熬到了1点多吃饱想着补觉猝不及防的传来楼上吹笛子的声音崩溃	2
今天我们街道出现了一例初筛阳性搜了一下地图距离900米	0
防护不松懈外出备好口罩不聚集	1
深圳慢生活第三天 就想出去买点菜工作人员说前面的路封了不要出去了	0
公寓中招 足不出户开始了	0
3月笑话小红书上刷到隔壁回来深圳的说给小孩核酸采样很粗暴以后再也不想回来了 wow	2
害怕下水道有病毒 今天不做饭了吃的速食也可 再次打包了行李等待	1
关了9天出来如获新生只有上班才能体现自我价值只有忙碌才能治愈一切	1
1岁半的妹妹测核酸已经能很乖的张嘴配合了不哭不闹乖的不要不要的	1
整天喊不要聚集每天聚集最多的就是做核酸出门还一定要签承诺书承诺不乘坐公共交通我打车政府报销	2
今天福田的复工通告简直梦回读书时候做阅读理解	2
疫情定格了生活 而时间不等人	2
刚刚去完成了封闭期间最后一次核酸检测希望明天可以解封	1
青菜大排 好怀念车水马龙的深圳疫情快过去吧 每天必备行程就是核酸核酸 遇到了可爱柯基	1
社区面筛查发现病例也持续下降前天11例昨天下降至7例随着前面几个区的解封与复工复产今天凌晨起盐田区罗湖区相关封控区也即时解封前途一片大好深圳加油深圳必胜	1
深圳疫情这次疫情确实可以写日记了日常问候河对面的	1
五点半了还不出通知吗 明天龙岗解封不解封 没有通知是不是就按原定20号解	2
外面的花真好看大白辛苦了	1
他们值得被更多人看见	1
时刻准备着 迎接解封	1
请求看看深圳上沙这里的人被告知转移隔离但是隔离原因 隔离地点 时间 一概不清楚转移时也只分发口罩跟手套目前接驳车驶离塘宴村停在白石路上福田汽车客运站那里将近2个钟一动不动请求帮助	2
哦本来居家隔离14天了昨天最后一天晚上10点41分打开健康码已经是红转绿了今天早上打开是又红的这 无力吐槽	2
疫情封闭一周后的复工连公司门口的树都开始换新了	1
想喝冰凉的咖啡去春日的公园想去海边踏浪去远方旅行 希望近日的战争地震疫情暴雪终能安然结束	1
香港特首林郑把特区政府18万公务员调动起来送上抗疫前线“打仗”	0
深圳明起已实现社会面动态清零的区域 恢复正常工作秩序和生产经营深圳市新型冠状病毒肺炎疫情防控指挥部发布通告已实现社会面动态清零的盐田区坪山区光明区大鹏新区深汕特别合作区党政机关企事业单位生产经营单位等恢复正常工作秩序和生产经营公交地铁恢复运行封控区管控区防范区严格执行疫情防控相关措施其他未实现社会面动态清零的区域要做好精准防控努力用最小的代价实现最大的防控效果最大限度减少疫情对经济社会发展的影响加大企业服务力度分区分级分类实施差异化疫情防控措施实施“一企一策”“一厂一案”保障企业有序生产经营上述措施自3月18日星期五起开始实施	0
请多多关注上沙塘晏村现在的情况真的很急迫	2
今天进入了防范区还有三天撑住呀会有春天到来	1
爱山楂疫情期间快递无法送外卖也叫不到山楂今天突然发现这个第一次喝好好喝爱了	1
深圳如果您有什么话想说那就说吧按下暂停键已经好几天了关得发霉吃喝增肥其实疫情是人生的一场考验别轻视任何人的劳动和关心只有亲自体验实践你才深有感触时间对大家都公平对生命也公平如有去医院我们第一时间开绿色通道如需要买菜买衣食住行所需快去快回打卡发卡登记出入时间小区车辆一律不外出尽量减少人流规矩🉐有也🉐守但是规矩也可以改一定要视情而定为了健康而不停滞严格执行任务严格执行要求对我们大家都好我是陈长城我是志愿者我在疫情防线战斗	1
几年没听了	0
如果没清零之前就开学是不是意味着去到学校又要被关起来了我不想封校	2
一夜入秋	0
公司这边都是核酸点都是只限本小区居民其他人不让进下班回家做核酸出站后到核酸点排队说是不让排了排了也轮不到这怎么搞很多人确实是排了2个多小时工作人员下班了还轮不到	2
第二种是那些防疫人员或志愿者他们诉说的是工作的重量加班熬夜辛苦还有不被理解和被埋怨的情节而够大局的忍气吞声还给矛礼貌应付	2
西乡王炸啊瑟瑟发抖	2
胜利了深圳公交地铁恢复小区凭“48小时阴性”出入	1
深圳身边事 深圳市新型冠状病毒肺炎疫情防控指挥部通告〔2022〕2号自3月14日起我市已在全市范围内完成两轮全员核酸检测部分区已实现社会面动态清零全市疫情防控形势依然严峻但总体可控为从严从紧从细做好疫情防控工作统筹好疫情防控和经济社会发展确保产业链供应链安全稳定确保群众正常生产生活平稳有序现通告如下一已实现社会面动态清零的盐田区坪山区光明区大鹏新区深汕特别合作区党政机关企事业单位生产经营单位等恢复正常工作秩序和生产经营公交地铁恢复运行封控区管控区防范区严格执行疫情防控相关措施二其他未实现社会面动态清零的区域要做好精准防控努力用最小的代价实现最大的防控效果最大限度减少疫情对经济社会发展的影响加大企业服务力度分区分级分类实施差异化疫情防控措施实施“一企一策”“一厂一案”保障企业有序生产经营三要做好统筹协调全力保障交通运输顺畅确保企业物流畅通上述措施自3月18日星期五起开始实施深圳市新型冠状病毒肺炎疫情防控指挥部2022年3月17日	0
今天做志愿者看到7天健康码我真想给她一串糖葫芦居然还有人认为做核酸检测没用	2
对于不遵守防控条例的建议加重处罚力度比如一些躲在家里不做核酸的然后一解封就爆阳导致大范围传染的比如那些偷偷摸摸乱窜的要不然对于一些皮厚的完全不痛不痒不能他们的责任让 我们和政府买单吧对于那些老老实实在家隔离的居民对于那些勤勤恳恳防疫工作者属实有点不公平	2
志愿者的一天又结束啦今天特别热28度希望深圳快快好起来每天都要做核酸哦	1
吉林疫情为奥密克戎变异株ba2进化分支 疫情已经三年了盼望早日结束	1
保佑下星期可以恢复正常办公 在家办公我的腰快废了 凳子和灯光极其不舒服	2
请问一下红岭集团南区住宅区被封了吗现在里面情况怎么样有知道的能给我说说吗谢谢了	0
疫情什么时候能好啊 我想回家	2
好想好想上班 疫情快快走	1
静音的一周	0
都不想去记这是第多少次去做核酸检测了昨天喉咙捅的有点深当场差点就想吐出来；今天喉咙捅的也不浅搞完感觉喉咙里好像起了茧不知道为何昨天做的检测现在还没出结果问了做检测的医务人员回复说不知道拿着手机隔一会就去刷下始终显示的还是”检测中请耐心等待检测结果“	2
早安 Morning guys今天是周五啦也是居家办公的第五天深圳的疫情也逐渐得到了控制相信很快我们就能正常活动啦	1
生活对普通人真的很残忍	2
后续出小区将查验16-29日的每日核酸检测记录可是我连着两天下楼问都说没有做核酸的了又不可以走出楼里	2
今天第八天走出小区的那一刻 嗯外面真好 天使白志愿红守护蓝一一就位 昨天不差今天很好明天会更好	1
深圳醉了醉了七天过后又来个无期限层层加码刚吃完七天泡面盼着解封了可以去门口吃点正常饭了没想到啊真没想到 深圳	2
我说为啥朴朴把我的订单取消了原来是有确诊的离我只有四公里bbq哇外卖员已经这么辛苦了千万不要再有确诊的啊	2
家长拿神器带娃核酸检测这为深圳防疫作出巨大贡献的衣架	1
我叫罗湖你叫福田我站在斑马线的这边你站在那一边红木棉在我身旁盛开紫荆花在你身旁绽放我不能过去你也不能过来凝望着	1
深圳按下了暂停键从昨天下午开始小区只进不出今天上午我带二小姐去小区花园做核酸医疗队进小区做不成想二小姐再度当上了队长十人一组核酸正好领头要拿装着紫红色溶液的小管管医护把做过核酸的棉签放到管管里她拿着红管管很开心激动地到处乱摸保安在旁边说小朋友小朋友等下赶紧把你的手洗干净	1
连着做了6天核酸了 我是真的会谢	2
这79到92例是啥意思没有信息	2
铁栏拦住了里面的我拦不住外面的你此刻全民抗疫我禁足不出而自由的你却在流浪	2
第一次见到这么空的深圳街道	0
今天做核酸必须要全场最佳	1
想上班	2
别一直撤热搜啊 有问题解决问题啊 解决完再撤也来得及啊	2
20号能解封吗社区筛查还比昨天多了	0
龙秋村又是啥情况这是 东村蹲 东村蹲完 椰树蹲椰树蹲完塘晏蹲塘晏蹲完龙秋蹲龙秋的兄弟们 每天隔离在家里都能中招啥子情况嘛封了二十几天快一个月了还能自爆的感染源是什么呀 今天是慢深圳的第五天也是我们 封控的第二十五天	2
从2月22日封到3月22日满月了希望尽快好转尽快解封吧	1
“暂停”的Day5一大早就听到很大一群小鸟在外面叽叽喳喳叫得很欢生机无限昨天深圳部分区域实现动态清零解封了今天开始有几个区可以复工复产了地铁公交也正常运营后面三张图是福田上沙的外卖快递停放区辛苦大白们一个个去找了继续加油呀还没解封的亲们继续hold住啊	1
从来没有如此认真对待过一日三餐慢生活挺好的	1
今天复工公司要求每天24小时核酸深圳却撤销了80的大型核酸检测点小区里面也不设核酸检测了绝了深圳是矛盾文学创始地是吧	2
啊再隔离下去我真的要与社区脱节了我想上班啊	2
然而并没有我们房东整个疫情过程中没有给予我们任何一丁点的帮助都是我们租户自己 拉群联系大白社区防疫人员医护人员保护自己的合法需求人都找不到打电话就是不知道收租就很及时已经在物色新的房子了疫情结束就准备搬走了	2
南山医院发热门诊还有专车仔门口接送这点很让我惊讶之前都是自己走进来走很远不得不夸大深圳的服务后续发生的事情我就有点一言难尽了昨天爬楼梯暴汗太多了再做电梯上楼空调吹的高烧39一直不退连续20天天天核酸检测在家吃过布洛芬也不管用来医院就是解决治病虽然今天做过核算了又先要核酸可以理解做完核酸给看了下症状然后就不管了说抽个血我一直等要不是去问医生也不给开药先退烧治病我烧死怎么办说了在家吃了一天的布洛芬都不管用了来这里又给我开了布洛芬吃了就能管用吗可以理解为医生忙但发热的患者都集中在这密闭空间必须要等核酸出来3-5小时万一有个有症状的也都给传染了我搞不懂这些政策可以理解政府和医护人员都很辛苦不容易我现在高烧39度吃了布洛芬不退烧 也不给打针 死了你们就才知道补救措施来看病的都密接才满意吗明明可以用很好的方式避开这事的发生防患于未然7Ge	2
3月17日020时东莞市新增4例本土确诊病例均在松山湖园区其中3例为此前报告的本土无症状感染者转归新增15例本土无症状感染者常平镇6例松山湖园区5例东坑镇2例大朗镇1例虎门镇1例上述人员中7例在集中隔离发现6例在密接筛查发现3例在区域筛查发现其中虎门镇报告无症状感染者为省外返莞人员	0
睡了又醒了 开始无聊	2
美团外卖联合39家美团爱心酒店及12处暖蜂驿站为因疫情防控无法返回住所的全行业骑手提供免费住宿以解燃眉之急	0
今日中洲门诊部正常营业门诊已全面做好预检分诊消毒等工作大家可以放心就诊啦忙到现在才吃午饭顺便发一个博文	1
3月17日0-24时新增69例本土确诊病例和36例本土无症状感染者新增8例境外输入确诊病例其中7例确诊病例1例为无症状感染者转确诊均为中国香港输入和18例输入无症状感染者均为中国香港输入	0
疫情下的深圳也懒得出去只能从楼顶上看看外面了深圳的春天有一种秋天的感觉满大街都是黄花风铃木像极了秋天的满地枫叶	1
新增92例麻了	2
蔡培彬居家办公第n天居家办公 一起加油	1
深圳能赢 我的城市我们等你归来	1
为防疫人员做的一件小事	1
真切感觉大火已经蔓延到家门口了今天的大伙们是抢购物资物资物资有米的是囤粮我家的米是昨天刚吃完一粒不剩的一去米铺给整懵了没米的人真的没米吃了谁能想到没米的隔天是抢米日大意了	2
明天解封了有点儿小激动吃点儿 庆祝一下	1
我想说深信学子根本不是因为有居民要住进宿舍而吵吵闹闹是因为所有领导根本没有任何提前通知我们大学生们不缺乏去做志愿者也都努力的一起积极抗疫只是这次不通知先斩后奏确实是太让人伤心宿舍对于大学生来说就是第二个小家那么多私人物品存放在宿舍现在莫名其妙被志愿者Po照片到网上女生的私人物品被传到微信群里那大学生又如何自处损失的财产又如何计算本就被疫情偷走两年大学时光现在连宿舍的权利自己物品的安全都没办法保障没有人不想疫情快点消失甚至我可以说没有一个大学生想要疫情不消失希望深圳疫情早日清零上沙居民们没有新增学生私人物品完好无损深圳加油加油	2
猫猫可爱	1
去管控区封控区上班路上路上真的很安静想念以前的车水马龙和人来人往	1
明天到底可不可以解封上班啊坐标南山关了10天了真的要疯了太难受了求求了生活快点恢复正常吧	2
为深圳文明点赞现在商量允许携带小宠物谢谢网友们的爱心转发支持呼吁目前大型的在商讨中希望尽快落实大型犬的人道安置工作	1
大型聚集现场 核酸队伍有七八百米 实在是很夸张	2
终于开工了深圳全市党政机关企事业单位生产经营单位等恢复正常工作秩序和生产经营公交地铁全面恢复运行确保产业链供应链安全稳定确保群众正常生产生活平稳有序	1
福田回罗湖的路确定是封了吗在福田义工回不去了吗	0
小区封了满足居家办公条件但公司要求返岗可以投诉吗	2
广东深圳核酸检测点一女子不配合核酸检测为难工作人员	2
封村第三周了“足不出户严格居家”的红头文件也发布了可是楼下羽毛球也打了三周9点上班居家办公9点不到就开始有人打羽毛球中午也鲜少休息晚上十一二点还在打白天表演赛给核酸排队的人观赏晚上独享VIP观众席等福田解封的那天不知道能不能培养一个世界冠军出来虽然私心也不希望管控太严还是希望能在安全范围内走动走动可是连续三周真的是不胜其扰没封控前都没这么吵关键是又不做好防护这幸好暂时没有确诊这万一有来来往往都不知道谁是密接福田没封城的前一周多的时候一整条街五六组人打球幸好这周天气还不算太热上周深圳气温都二十多度我自己在家都开冷气了排核酸的时候刚好看到一个医护人员在脱防护服胳膊上的汗都黏在防护服上扯了好久才全部脱下来然而另一旁也是大汗淋漓的人打球的人也太讽刺了真的心疼这些医护人员和志愿者们明天就是20号了希望下周一能恢复如常吧	2
身处巨大风暴口的深圳前几日单日新增一度控制到个位数可谓难得更令人担心的是香港疫情确诊数量的居高不下持续影响着深圳也是深圳3月9日以来这一波深圳疫情最直接的输入源头3月13日香港新增核酸阳性个案32430宗第五波疫情香港累计确诊超过了69万例这对于一河之隔骨肉相连的深圳波及巨大最明显的就是香港货柜车司机他们是往来深港两地的重要生力军但也是高风险的感染群体3月份在深圳的确诊病例中连续多日香港货柜车司机的输入型个案都在两位数尽管如此深圳一边严控疫情严防外输；一边继续给一河之隔的香港极大力度的支持随着香港疫情的持续高位深圳对香港的支援也要持续加强为了确保物资供应的通道畅通在陆路运输的基础上最近又加大了水路运输此外还要援建必要的医疗设施深圳客《慢下来的深圳城市的另一面》慢下来的深圳城市的另一面	2
恢复正常工作秩序和生产经营据深圳发布自3月14日起我市已在全市范围内完成两轮全员核酸检测部分区已实现社会面动态清零全市疫情防控形势依然严峻但总体可控为从严从紧从细做好疫情防控工作统筹好疫情防控和经济社会发展确保产业链供应链安全稳定确保群众正常生产生活平稳有序现通告如下1已实现社会面动态清零的盐田区坪山区光明区大鹏新区深汕特别合作区党政机关企事业单位生产经营单位等恢复正常工作秩序和生产经营公交地铁恢复运行封控区管控区防范区严格执行疫情防控相关措施2其他未实现社会面动态清零的区域要做好精准防控努力用最小的代价实现最大的防控效果最大限度减少疫情对经济社会发展的影响加大企业服务力度分区分级分类实施差异化疫情防控措施实施“一企一策”“一厂一案”保障企业有序生产经营3要做好统筹协调全力保障交通运输顺畅确保企业物流畅通上述措施自3月18日星期五起开始实施	0
深圳解封了我要上班[大笑]	1
早上6点多被小区的大喇叭叫醒这次竟然还多了个小纸条一问这两天严重了所以多了一个步骤害啥时候是个头	2
平稳了终于恢复车水马龙的状态了 深圳	1
松哥油焖大虾免费提供爱心餐助力坚守在一线的大白们众志成城抗击疫情望疫情早日结束大家平平安安抗击疫情一线的工作人员们也要记得按时吃饭哦	1
解决再删看了文字太揪心了	2
3月21日起福田区这些区域恢复生产生活3月20日晚深圳市举行疫情防控新闻发布会在发布会上福田区副区长欧阳绘宇表示3月21日起福田区除尚未实现社会面动态清零的部分区域滨河路以南侨城东路以东红岭南路以西继续采取必要的管控措施具体措施参照深圳市福田区新型冠状病毒肺炎疫情防控指挥部第98号通告福田其他区域按照全市通告要求有序恢复生产生活秩序3月21日起福田区这些区域恢复生产生	0
终于等到咚鸡了明天可以出门上班了耶	1
复工后先给自己来碗麻辣烫	1
深圳昨天开始执行最严小区封控政策七日三检验身份证原则上足不出户二天只准一户一人出门买菜出入小区凭社区发的通行证作为深圳市民非常配合严控政策在此更关心的是什么时候可以恢复正常的生活和工作看着每天卫健委报出的病例都在增加16日更报出了新增92例3月20日能解封吗	2
在家吃了睡睡了吃已经第四天了好想去上班再这样下去整个人都颓废了	2
违法防疫规定外出使用他人身份信息和健康码参加聚会核酸阳性后谎报行程隐瞒接触史不配合流调工作简直了	2
居家第4天	0
隔离了六天今天防疫组取消了上门核酸终于可以出门做核酸了为了庆祝一下出门做核酸前特地洗了个头	1
居家将近20天了	0
今天是吃国家软饭的一天	1
真的想快点结束	2
在3月14号解封那天 群聚做核酸到316 上沙塘宴村新增17例之前大家都足不出户医护人员上门核酸仅在解封那日下楼做核酸后面爆发病例 塘宴村人民已经坚持在家23天网上流传管理人员出了问题今天316号大白医护都没有来核酸听说其中有感染者而今天晚上10点左右群中管理员要我们收东西搬迁从314到316仅两天且之前有过大规模聚集今天有继续大规模聚集毫无头绪管理者也不解答难道上沙人民真的就是小白鼠吗隔离环境也不清楚问管理人员隔离多久也是不清楚什么都不清楚就叫我们搬中途如果导致大规模感染 请问这个责任谁来承担	2
每天放风时间 就是做核酸的时候你可以不吃饭 不上班 不睡觉都没人管你不做核酸你试试翻都给你翻出来	2
家里有毛孩子的看不了这种新闻 宠物天天陪着我们 要是让我把毛孩子留家里我肯定做不到知道大家都很难但也请求妥善安排好它们的住处 拜托了	2
疫情快点结束吧	2
疫情隔离第3天记录这操蛋的2022	2
没有48小时蓝码只有72小时绿码 昨晚的核酸记录也进不去公司蹲着等	2
广东省昨日新增本土确诊病例59例3月15日0-24时广东省新增本土确诊病例59例其中1例为无症状感染者转确诊深圳报告55例珠海报告1例东莞报告1例中山报告1例韶关报告1例新增本土无症状感染者54例广州报告1例深圳报告37例东莞报告16例	0
别问我有没有解封底裤区人民没通知呀	2
福田区天天新增当官的到底在干嘛被免职纯属活该真的烦死了烦死了	2
划重点迟迟不下发防控隔离通知到底是集中隔离还是继续居家一直不提供物资尤其是食物居民已经开始饿肚子女生姨妈期连姨妈巾都没有楼道不消毒垃圾无人处理产生堆积饮用水短缺自来水散发异味饮用造成呕吐宠物问题仍未得到解决	2
3月11日被通知成为密接需要开始隔离说明自己孕晚期情况申请了陪同隔离同时申请能转居家隔离当天被送去条件巨差的福田新洲如家驿站12日线上申请居家隔离通过13日却在没有任何解释说明的情况下被跨区转移去了非常偏远的大鹏各种尝试电话打到区疾控中心才知道疾控中心考虑流调和实际情况一开始给到街道的建议就是居家隔离在新的隔离酒店住下耐心等通知14日凌晨接到司机电话说已经安排车可以随时接我们考虑到7天7检还差一天主动提出等最后一天核酸结果出来风险更低再走结果从14日开始每天情况都在变化16日说需要街道正式开函给酒店才能转移正式开函需要从社区到街道到福田区再到大鹏区再到酒店17号又通知需要准老师写情况说明和免责声明免责转移过程中如果有任何身体不适由本人负责没人能告知流程到底要多久才能走完没人知道为什么我13日会被跨区转移到附近都没有合资格接诊医院的地方我莫名其妙被转移出区的时候没人担心我的身体在转移过程中会有问题可能需要担责现在要转回去了反而谨慎地需要本人写免责声明才行非常非常理解所有的社区街道酒店防疫工作人员最近有多幸苦但不理解为什么整个流程会如此不公开以及纠正之前的错误会这么难整个过程也的确感觉到很多时间人力甚至财力上的浪费上午跟找得到的街道工作人员电话情绪控不住有点激动但真的很无奈希望投诉有用流程不要再加长了	2
疫情当下 美业人在行动	1
现实版六大门派围攻光明顶	2
香港是没控制好深圳很艰难	2
空气炸锅出炉的下午茶来了来了疫情封闭在家空气炸锅越用越顺了	1
封城下的深圳 1全小区做核酸2隔着栏杆卖菜3依旧美丽的春天有年轻人感叹青春才几年疫情就三年祈祷早日安宁[合十]	1
所以深圳今天到底哪里能做核酸 宝安区西乡街道就两个采集器核酸都要过48小时了 明天怎么坐公共交通 进入办公场所搞笑呢	2
30次阴性都不能证明我们没病难道我们这些小区的人是制造生化武器的嘛自己能发明变异毒株潜伏期超过一个月	2
疫情快点好俺才能玩	1
记录一下做姜撞奶失败的第101次疫情期间更加emo 了	2
全深圳复工的前一天楼栋临时管控了大晚上11点送来一份餐不吃浪费吃吧时间属实有点晚了 还不错明天吃炒饭	1
志愿者都是最美逆行者致敬鹏城英雄	1
就这样耗下去多少人破产源头不管香港还继续放进来这样下去看你经济崩不崩美国等着看笑话	2
养宠人团结在一起坚决不走打电话问市长热线卫健委是否有通知和红头文件要求转移硬嗑不给解决方案不走之前北京大兴就是硬嗑才解决的可以看我的微博从去年开始一直在发声有成功案例可以借鉴一下	1
居家第22天2020年疫情我都没有错过春天我担心今年居家的我解封出来已错过春天	2
越来越离谱了	2
深圳什么时候才能结束啊清明回不去了五一能回去吗五一回不去我真的会发疯	2
深圳市宝安区沙井街道疫情温馨提示因突发疫情防范要求衙边辛养沙蚝东塘沙井5个社区从21日起急需开展连续4天的每天区域核酸检测请上述5个社区居民就近核酸采样3月16日至3月19日去过衙边社区南街鱼塘边公共厕所的居民请马上向社区报备	0
生活嘛慢慢来你又不差	1
武汉一夜封城 只是听闻深圳一夜控城 却是亲历我想回家了	2
3月16日深圳新增91例病例在重点区域重点人群和社区筛查中发现34例新增病例3月16日0-24时深圳新增91例病例其中71例诊断为新冠肺炎确诊病例20例诊断为新冠病毒无症状感染者；57例在隔离观察的密接人员排查中发现23例在重点区域筛查中发现4例在重点人群筛查中发现7例在社区筛查中发现新增病例情况如下??3月16日深圳在隔离观察的密接者中发现57例在重点区域重点人群和社区筛查中发现34例新增病例	0
睡觉不做梦睡醒了又睡回笼觉就一直做梦有没有同感的	0
深圳教师出征抗疫前线自娱自乐“舞”火社交平台3月21日	1
坐标深圳福田路上车都没几个了这些大货车拉的是方舱医院吗	0
本来可以吃爱情的苦却被这疫情困住了	2
解封了 姐也疯了	2
深圳的领导干部应该全部革职了	0
居家第七天全城一起等通知	0
深圳终于恢复了她本来的模样	1
深圳加油 当我躺在天桥上纸皮铺的床位上停下了一天的忙碌想到志愿工作者们的艰辛谢谢你们原来真的并没有谁愿意去冒着风险去做这样的事情也只是他们愿意奉献自己的一份力量传递正能量所以希望大家好好配合好好居家做好个人防护早早筛查完成就又恢复深圳活力了对吧	1
仿佛回到了那个出行都得凭通行证的年代	0
这些故事真的让人叹息	2
全市党政机关企事业单位生产经营单位等恢复正常工作秩序和生产经营公交地铁全面恢复运行确保产业链供应链安全稳定确保群众正常生产生活平稳有序	0
明天解封吗	0
携手抗疫 静待花开	1
好馋早餐店的糯玉米 烧麦 包子 还想吃火锅 这破疫情什么时候能停啊想堂食了馋的很	2
这么密集排队做核酸万一有个怎么办	2
下一个愿望深圳摘星深圳	1
3月19日深圳在隔离观察的密接者中发现37例在重点区域重点人群和社区筛查中发现29例新增病例3月19日0-24时深圳新增66例病例其中1例在社区筛查中发现7例在重点人群筛查中发现21例在重点区域筛查中发现37例在隔离观察的密接人员排查中发现；49例诊断为新冠肺炎确诊病例17例诊断为新冠病毒无症状感染者详情戳↓↓3月19日深圳在隔离观察的密接者中发现37例在重点区域重点人群和社区筛查中发现29例新增病例	0
昔日的美好已不在	2
每日一画 第490天 疫情期间重感冒了用了一箩筐纸手绘	2
《谢谢你》为深圳抗疫加油为深圳疫情防控做出努力和贡献的每一个人谢谢你	1
两个女孩子用飘落在地上的木棉花拼出了“深圳加油”的字样路过的行人也不由自主的停下来看着这一幕街上倒是没有什么车辆想必在两个女孩子的心里最期盼的事情就是深圳能早日恢复以前的日子正常的上下班正常的过日子不用再停工待在家里不用再担心去哪里找活干毕竟生活在深圳这里还是有一定的压力的深圳的木棉花在春天里正开的漂亮希望深圳也能在这春天里焕发出它该有的生命力依然是那个快节奏车水马龙的深圳	1
疫情面前没有旁观者疫情防控没有局外人只要认真遵守『防疫规则』希望总比病毒蔓延得快毕竟春天是万物更新旧疾当愈的美丽季节呀	1
希望大家都能有一个健康的身体好好吃饭少熬夜作息紊乱会导致掉发情绪易怒焦虑心肺和呼吸系统都会出现问题和生命相比所有的一切都不值一提我们都要活得长活得久才会在未来的某一刻迎来转机我们都要平安才好	1
谁能医疗援助一下宝安区给您跪下磕头了	2
这个病例79-92是啥情况啊怎么完全没有描述	2
宝安 核酸请看看千千万万宝安区卑微打工仔的心声已经不是第一天这样了	2
这是要给电动车做核酸	1
快把我放出去 我要和最好的朋友去海边玩	1
从2月22日到3月8日被封9号开始解封了三天还没好好的感受12日又被封到现在现在 而我们依然在等通知	2
周末继续留守单位晚上找点娱乐临时学的个网红歌曲《月老掉线》用车上放着的 自弹唱对月当歌乐呵下	1
福田区都临时交通管制了	0
在深圳的九天愿再见时你繁花似锦车水马龙	1
麻烦大家关注一下新洲北村的居民吧	2
疫情结束后你最想见谁	0
新增了91例 妈呀	2
深圳真的挺热的大白那身装备看着就够难受的社区工作人员得挨家挨户的查核酸不停敲门有的老房子还得爬78楼真挺累的大家及时开门打开粤康码叭	1
小区老人小孩核酸检测时间花费久但大白非常的耐心现在所有业主名字清单贴在大楼的出入口谁没做核酸打个X这不太合适吧网格员有这权限吗	2
坚决防止一刀切	2
今天一早上就接到一个诈骗电话来电的人报我名字也报错了说话也说不利索我只尊重专业 讽刺道哥你做诈骗也好歹尊重点做到位些吧对面去你我就挂了疫情居家跟电信诈骗分子过招真的是神清气爽 就是仿佛有个坏人知道你在家很无聊送上门给你骂一样	1
打了很长一段话最终还是删了	0
我之前跟朋友说深圳是个有爱的城市 我相信政府能妥善安置好宠物的 事实证明是我太乐观了 现实是如此令人心寒 2022年了防疫还会防成这样 这真的是深圳吗我们理解配合 但并不意味着放弃合理诉求 希望后续能看到深圳作为大城市应有的仁爱和担当	2
一场规模空前耗资巨大的行为艺术 深圳疫情自己每个月缴钱雇佣的物业锁了那么久有的人看病不及死了有的人需要开待死证明才能出门解封了需要欢呼感恩吗对于喜欢封控的人你径自待在家里不出门就行了物业封不封别人都不影响你自我隔离为什么要拉着别人跟你一起封控呢	2
再不解封姐就疯了	2
不关起来很多人受感染真的关起来很多人会死会疯	2
香港人给深圳磕一个不过分吧	2
隔离7天因为见不上面跟对象分手了因为闲天天刷抖音被抖音直播掏空了钱包妈的	2
南山防范区明天还可以去上班吗社区一直回复等通知	2
深圳人进入7天慢生活 有温度有担当的深圳人加油	1
当我的手机全是政务短信而且卫总还没发推文的时候慌得一匹	2
村外的咖啡倍香	1
所以到底什么时候恢复呢不管是国际快递还是普通快递依然不能发深圳 已经到的国际快递积压在邮局不允许自提 我不知道这样的日子什么时候是个头 这是很重要的问题好吗如果不能买东西 打工赚钱有什么用呢	2
好想回家在等疫情结束	2
我就一天没下楼去做核酸街道办就打电话来催促告诉我你要变黄码了 疫情期间2天不做核酸立马变红码	2
帮帮他们吧	1
龙华绿景香颂出现疫情疫情远比想象的严重这基本是社区传播了之前既不是管控区也不是封控区	2
向往自由	1
记录居家办公的第3天深圳	0
目前不能下楼活动了	0
每天除了做核酸没别了做到怀疑人生	2
社恐第一次在大群里怼人鼓足了好大的勇气	1
想过正常的日子正常上下班正常周末约朋友逛街吃饭	1
居家办公摸鱼不止是厨艺大赛更多的去享受生活	1
楼道里面的垃圾	0
希望疫情早日结束	1
深圳领导脑子在想什么一个核酸点都没有又要求48小时到想怎么样 深圳	2
3月17日深圳新增105例病例轨迹涉5区3月17日024时深圳新增69例新冠肺炎确诊病例和36例新冠病毒无症状感染者；其中49例在隔离观察的密接人员排查中发现28例在重点区域筛查中发现17例在重点人群筛查中发现11例在社区筛查中发现	0
尽微薄之力平淡的日子也希望可以闪闪发光	1
再不解封我就要疯了	2
今天的大白超级温柔呜呜呜	1
吉林省的疫情有点严重特别是长春市吉林市	2
走了十分钟还看不到尽头救命	2
解封后这是自由的感觉	1
深圳发布复工复产通知全市地铁公交全面恢复运行	0
3月16日深圳在隔离观察的密接者中发现57例在重点区域重点人群和社区筛查中发现34例新增病例	0
“疫情”早点过去吧看着这么小的孩子真的很心疼	2
头伸过来说啊啊啊谁家的小孩独立的自己坐着测	1
换古代你们妥妥的都是大门不出二门不迈的大家闺秀	1
还开精选了真贱呀你	2
为“情”所困疫情的情的日子里宅在家里看看洋葱发芽然后茁壮成长也是极好的	1
深圳解封了大家欢呼这一次封城已经把很多人搞的精疲力尽难以想象再来一次封城会发生什么	1
夏天的微风四季的蚊子慢下来的日子好起来的深圳	1
一起来猜猜明天明天能解封吗	0
吉林市隔离方舱建设进展 实地探访关注截至15日24时吉林省吉林市本轮疫情累计本土确诊4472例目前吉林市高新南区隔离方舱已开工建设吉林市新建隔离方舱计划设6000间房间此刻300余台挖掘机等设备进场同时作业24小时施工预计6天竣工关注最新进展 吉林省新增1456例本土确诊南京行程码上海新增5例本土确诊197无症状辽宁新增本土确诊32例北京新增本土确诊9例无症状1例河北新增本土确诊38例河北新增239例本土无症状山东新增本土确诊75例山东新增本土无症状105例待疫情消散我们再相约吉林广东新增59例本土确诊深圳新增55例本土确诊吉林新增1139例本土确诊吉林新增370例本土无症状河北新增38例本土确诊239例无症状廊坊新增225例本土无症状南京新增1个高风险5个中风险地区南京行程码上海新增5例本土确诊197无症状3月15日新增确诊病例1952例南京新增1个高风险5个中风险地区辽宁新增本土确诊32例	0
大家是不从未见过这样的深圳因为疫情感觉周边的一切都安静了愿一切安好顺利度过	1
终于可以出门了	1
且不能说账不能这么算单说这眼光是够短浅的不只是为了这600多例更是为了全深圳市1700多万市民	2
小区出不去了收到小梁同学投喂西多士配港奶 十分满足疫情早点过去吧	1
做核酸不会影响你们上网课的放心好啦有绿色通道做完核酸赶快回家上课不要想合理翘课	1
能不能来个人告诉我一下为什么深圳到现在了还是每天都在新增病例到底是哪儿来的呀	2
若有战 召必回 战必胜	1
深圳政府要求停工在到处都是疫情威胁下我们社区竟然还放任人员自由出入根本没有所谓的封村拿工牌就可以去上班我的同事一句家里没网一句轻飘飘的所谓封控睁眼说瞎话大家都是拿着工牌去上班他凭什么不来一个人干两个人的活忙得死去活来别人的命是命我的命不是命吗	2
3月16日虎气来了 香港新增29272确诊	0
深圳大学总医院门诊紧急暂停该医院称接上级部门协查通知根据国家和本市疫情防控要求我院3月19日暂停门诊急诊医疗服务复诊时间请关注医院通知	0
被按下了暂停键一个美国鬼老鼠屎搞得整个世界乌烟瘴气这TM这个疫情神马时候是个头到处封很不方便疫情期间在家莫要出行做好	2
不封香港当初福田不敢全封现在拉了个74年副局顶现在病例还那么多“没能力就是没能力不要怪什么大环境”	2
地址新桥街道象山区芙蓉公园隔离第七天今天能解封吗周一能正常开工吗	0
解封后要吃一顿牛肉火锅	1
出了转移的正式通知希望执行的像通知里说的一样漂亮	1
心疼我的朋友 心疼疫情中的每一个人	1
家里的网络搞好了小区全封闭的情况下多亏了美团外卖小哥帮我带回我的路由器这年头真的是没什么不能没网络久违的打开了自己的笔记本放着舒缓的音乐不紧不慢的办公天气开始炎热起来了又到了开空调的季节希望这炎热的天气能让这疫情尽快离开我们Ps图片来自	1
昨天有个邻居吃鱼卡到喉咙了结果还要让救护车送去医院会来还要等救护车送回来太惨了去一趟医院废了6个小时其实医院步行就十分钟但因为是封控区所以必须要救护车接送	2
能收快递吗	0
深圳什么时候可以发快递苦等	2
停工的第三天 居家更辛苦哇心焦	2
管控的日子感谢大白们	1
今天全深圳人都在等待明天到底能不能解封	2
同心抗疫共克时坚蛙来哒供应链与深圳战区协作为龙岗新联街道罗湖黄贝街道等抗疫工作站送去物资抗击疫情我们在路上	1
居家的第四天	0
相信政府等到的是新增人数越来越多坐标上沙这里已经被封了快一个月了想不通为什么还是越来越多加油两字都快听吐了	2
这疫情一步一步向我们逼近好焦虑啊	2
要48h核酸 又不设置核酸点我已经排了一个小时的队了还没排到一半	2
有的人真是没有素质核酸检测排队又抽烟又吐痰 口罩就没戴上过	2
福田这通知是体育老师写的吧全福田的人现在都在抓耳挠腮做阅读理解	2
深圳市宝安区沙井街道应急管理办公室通报3月11日以来我办累计查封控停企业 8 家现场督导纠正企业 55 家违反防疫政策控停企业名单深圳市信维通信股份有限公司深圳市高尔夫飞煌科技有限公司深圳市协力达精密科技有限公司深圳市环浩环保科技有限公司深圳通达电子有限公司深圳市正晋昌科技有限公司深圳市大富科技股份有限公司深圳市华生电机有限公司下一步我办将进一步加大巡查执法力度督促企业落实疫情防控主体责任对擅自开工造成严重负面影响的将依法采取强制措施特此通报	0
《让动再动》核酸检测人人动叫到哪栋哪栋动未叫楼栋不要动动了下来也没用	0
深圳跨境货车配专车监督司机从头至尾尾随跨境货车	0
看到这个核酸点着实让人心酸宝安人民太艰难了昨天找了一圈没有测到今天也没去公司马上就要72小时无奈跑去了一个好远的社康自费明天应该可以正常打工了	2
扛主机回家的打工人开始复工了	1
今天是大白呀	1
体验一下	0
你们明天就解放了而我还有13天	2
10分钟了卫总睡过头了吗	2
深圳封控地图3月21日更新宝安中心区的封控区域比一星期以前多了不少希望疫情早日过去	1
深圳加油自己包的云吞一点不输外边	1
什么时候能出个投诉渠道	2
家里存粮不多了明天终于解封啦	1
深圳5个区解除“缓慢键”模式据市政府一已实现社会面动态清零的盐田区坪山区光明区大鹏新区深汕特别合作区党政机关企事业单位生产经营单位等恢复正常工作秩序和生产经营公交地铁恢复运行封控区管控区防范区严格执行疫情防控相关措施二其他未实现社会面动态清零的区域要做好精准防控努力用最小的代价实现最大的防控效果最大限度减少疫情对经济社会发展的影响加大企业服务力度分区分级分类实施差异化疫情防控措施实施“一企一策”“一厂一案”保障企业有序生产经营三要做好统筹协调全力保障交通运输顺畅确保企业物流畅通	0
你他妈睡得着吗我都担心死我家人了从深圳的人别回来了求求了我好崩溃	2
广东3月17日确诊74例其中深圳市69例东莞市4例珠海市1例；无症状61例其中深圳市36例东莞市25例对比前一日确诊83例其中深圳市71例东莞市7例广州市4例珠海市1例；无症状70例其中东莞市45例深圳市20例广州市2例汕尾市2例惠州市1例看数据广东疫情主战场目前主要在深圳市数据面看仍在维持居民还得再坚持坚持；东莞两方面数据已处于下行通道了只要保持现有措施应该很快迎来曙光	0
刚才下楼做第三轮核酸啊下凡太好玩了难怪七仙女不想回天上	1
广东省客家商会党支部组织党员志愿者助力基层疫情防控工作	0
在家这段时间纸巾用的就是快好了我要擦屁股了	1
居家办公也不要亏待自己	1
320深圳飞上海能正常飞吗孩子憋坏了	2
转无人机喊话做核酸服了服了	1
这二位思路很清晰已经出现了太多对宠物不利的事件了任谁都不能轻易放心	2
所以明天能解封了吗	0
亚马逊电脑是搬回家了电费是要自己掏了疫情快结束不然我夏天都开不起空调了	2
疫情期间还拿别人点的东西的人真是恶心	2
因为疫情在家里呆了十多天今天终于出来了抬头看天空灰蒙蒙的下着小雨路边的冒着新芽的树路边由工作人员正在清扫掉落的树叶路边马路车辆川流不息这样的场景似乎好久没有看到了开心的想要跳着走路能出来真好	1
广西严防边境输入也是亚历山大啊本深圳居民经历过这两个月明白广西有多不容易了	1
居家办公Day4早上吃的好舒服呀有点家里的感觉要是有家里的叶菜就完美了午餐太多了这么一大碗都吃完了撑一下午晚上也没吃饭切了水果吃水果也整多了今天吃多了的一天	1
来自微信各户好友的慰问听说你们整个村都要被拉去隔离我麻了 这个问题我都回答麻了	2
目前最严峻的是第一批转运隔离的居民宠物有大量滞留在家里无人看管有些甚至已经处于断粮状态恳请有关志愿者优先处理这部分滞留宠物	2
宝安加油西乡加油好想回去支援	1
听着窗外下雨的声音而我却因为疫情没能上班而失眠同时也希望广西藤县不要下雨战士们真的很辛苦希望真相早日找到希望所有人的希望都有希望	1
说的全市封村拿着工牌就放行让人出去上班恶意传播疫情无视深圳市政府疫情规定说什么居家办公我跟我另一个同事住一个社区就要天天去冒着感染的风险去上班我的老板知道我住这里是不管的随意让人出入逼着我们去上班可怜虫我的装逼同事臭鸟人找借口说家里没网出不来就什么都不干我看他是死在出租屋了臭了没人发现两个人干4个人的工作量干到死干到没停过要给老板上班上到确诊才让人休息吗	2
网友投稿光明区某城中村总有些人不自觉	2
总是有爱在隔离疫不容辞共同守圳	1
吃完一顿丰盛又美味的早餐开始干活三人一组扫楼采样入户消杀	1
非常时期真正体会了什么叫“有权利不用明天作废”政策不停在变昨天还能出去放风的今天就不行了再问明天呢等通知	2
sossos	2
明天终于解封了终于可以出去逛街透透气了今晚赶紧把剩余的物质拿来霍霍一顿	1
看别人是故事看自己就是事故 你不转我不转轮到自己没人管	2
据说附近的朴朴超市有十几个外卖小哥感染沃尔玛也封了还有短信提醒宝安其他地区开始拒绝西乡的人过去宝安是深圳几大区人口最密集的地方可怜的西乡也要沦陷了么西乡挺住宝安挺住深圳加油	1
没有进出卡买菜都出不去说要出去就登记然后后果自负说昨天发了1000多张出入卡都发完了我说我没有接到通知领啊人家说没领是你的问题不是我的问题反正我发完了回来在楼下碰到同一栋的邻居问她有领到出入证吗她说没有领到问在哪里领啊打电话给深小卫公布的社区电话让帮忙核实一下情况社区接电话的工作人员说不可能自己的家人都领到了然后挂了我电话唉	2
发去威海的快递原路退回了揭阳 疫情 前天晚上在美团买的菜本来今天配送早上起来看到美团凌晨3点退款了 立马戴上口罩去超市囤了点菜经过上次看到超市抢菜的情景看到人不多我赶紧选好去打称和买单其实菜市都是正常供应的只是怕万一还是屯点粮刚刚房东来给了我出行卡	1
形势严峻感谢 美小护们奔赴一线阻击新冠辛苦了 因为有你们我们坚信深圳能赢	1
所以到底 什么时候恢复呢不管是国际快递还是普通快递依然不能发深圳 已经到的国际快递积压在邮局不允许自提 我不知道这样的日子什么时候是个头 这是很重要的问题好吗如果不能买东西 打工赚钱有什么用呢	2
不知道说啥了每天核酸开始时间都不一样但是从不通知或者晚通知前天八点开始昨天七点开始今天好多人六点多就来排队结果到现在都没开始问就是等从来不通知开始时间这样搞不是人群更聚集了吗真要有病例一锅端了有个认识的要带娃上网课了等不了了把她的位置让给我了结果到了她的位置半天也没动就跑到前面问物业的人家玩手机头都不抬的说等	2
被封城的深圳居民胆子小说不得香港啊说了就是拉仇恨说了就是博眼球说了就是收美国钱分化两地港媒指责深圳封城影响供港棺材的新闻里又被扣帽子了好担心会不会封杀我	2
深圳房租不低昨晚看到一个视频是西乡突然封路外卖小哥在求放行他承诺不再接单了也是带着哭腔说不送到平台会先扣钱一天又白干了	2
深圳这几天外卖小哥活儿很多也很准点大部分情况下整条马路都是他们的	1
动不动就免职结果就是对下面一刀切	2
拜托拜托 救救城中村里的人吧	2
按时间算明天应该是小区解封日原计划早上9点半测核酸申请解封的但由于医护不足时间推迟到下午四点半菜开始测不过现在疫情这么严重解不解封也没什么区别此时此刻封控反而更安全自3月12日突增66例以来每天都创新高从668660到92什么时候才会压下来啊	2
周一能解封吗	0
我在想象疫情过后收到的快递就跟开盲盒一样我真的快忘记买了些啥了	2
我真的会谢全部衣服在sz封控区里然后回东莞这20天每天穿睡衣	2
救命做梦都是解封了吗上班吗	2
自从2月22日开始封村隔离到28日足不出户到今天3月17日已经25天了真的觉得很烦躁了还要等到20号也不知道20号能不能真的解封已经一个月没有看到孩子了真的很烦闷啊很烦闷啊	2
反正出不去在家研究下怎么煲仔吧	1
一线抗疫 众志成城 同心协力 我们即将迎来曙光 深圳加油	1
左手电脑右手IPAD和手机?没有时间概念生活与工作不分彼此深圳加油	1
什么是深圳速度深圳福田36小时建8个方舱并正式投入使用	1
深圳封控前与封控后今天开始恢复正常上班希望封控的日子再也不要来了	1
形式越发严峻西乡街道今晚全域紧急封闭而西乡街道跟我们小区就相隔一条马路刚开始担心被隔离在湖南回不去现在担心要不要回去怎么样回去据说明天外送服务全部停掉订了周天的航班邻居同事还让我尽量托运点蔬菜回去	2
西乡没事呵呵哒好嗨哦	1
深圳每日新增病例统计截止20日社区筛查发现病例接近清零重点人群重点区域筛查发现病例721依然较高“封城”一周后效果是明显的确诊病例数整体正处于下落趋势但距离实现社会面动态清零还差一点点今天是原定的“封城”期限的最后一天如何决策难题交给了深圳政府	0
公司那边是解封了就是不知道明天住的小区解不解封了	0
上个月来深圳出差现在深圳停摆直飞机票取消身为应急保障企业工作者还得每天上班疫情早日消散吧我想回家	2
明天上班吗	0
晃晃悠悠的居家办公一转眼就是周四了	0
分享最近的宅家防疫生活真的有认真运动好好生活其实慢下来挺好的激发了我更多地动能每天都能在汗水中刷新自己还收获了好多超喜欢的小东西爱了爱了你们最近有没有什么值得分享的呀都来说说	1
只要面对着阳光努力向上日子就会变得单纯而美好 早日结束	1
疫情快点过去吧想出去耍想吃烤肉想吃火锅了	1
不能出门只能在家随便动动好像200卡也不难嘛	1
疫情期间如果有就医需求咋办关乎每一个孕产妇这周的深圳人都在为了疫情的平稳而努力为了这个目标很多人都开启了“非必要不出门”的生活可是如果这个时候生病了需要去医院尤其是孕产妇更担心这个问题如果有就医需求怎么办收藏起来图片来源深圳卫健委	0
儿童对奥密克戎变异株普遍易感深圳卫健委尽量避免带孩子出门 3月19日上午深圳市召开疫情防控新闻发布会会上深圳市卫生健康委二级巡视员林汉城通报疫情防控工作最新情况	0
居家防疫“慢下来”中国电信多线出击服务全城跑出战疫“加速度”满意服务 十分信赖	1
我真的好想要知乎会员 求求你了知乎给深圳送会员吧	2
志愿者看到的就会让老人和小朋友先去前面登记有一个看不到的老奶奶耳朵也不好最后轮到我的时候我让她上我前面登记不然还不知道要等多久 到我的时候看到志愿者也很辛苦从他的手套里能看到全是汗而且我只要做完就能走他们要做到最后而且这么热的天大家心情也都很急躁很多话都要一直重复说 希望疫情赶紧结束吧	2
解封第一天的奶茶	1
快点结束吧	2
昨晚开始核酸管供应不足排队半小时后被告知核酸没有了直接不管了今天看核酸检测点大部分都是休息请出面说明下原因我们打工人遵纪守法配合国家防疫你们要求48小时内核酸却突然停止这么多检测点没有做到核酸的打工人交通工具不能做班上不了住的地方也不能进这要当多久的“流浪汉”麻烦给个法说	2
坐标48区 现在什么情况什么情况突然我觉悟了 我想回公司上班 我好久没加班算工程量了	2
清0了解封咯	1
以前总羡慕居家办公的轮到我居家办公第三天整个人都不好了我想出门透气	2
五个区解封但区区不能串门儿 争取早日不被嫌弃[淚]	2
能发快递了吗	0
我发现了身边有位热心且技能拉满的邻居简直就是一个宝藏的存在	1
我就是想问问 这个79-92号病例是咋回事不展开说说了吗	2
广东深圳市新型冠状病毒肺炎疫情防控指挥部通告自3月14日起深圳市已在全市范围内完成两轮全员核酸检测部分区已实现社会面动态清零全市疫情防控形势依然严峻但总体可控为从严从紧从细做好疫情防控工作统筹好疫情防控和经济社会发展确保产业链供应链安全稳定确保群众正常生产生活平稳有序现通告如下一已实现社会面动态清零的盐田区坪山区光明区大鹏新区深汕特别合作区党政机关企事业单位生产经营单位等恢复正常工作秩序和生产经营公交地铁恢复运行封控区管控区防范区严格执行疫情防控相关措施二其他未实现社会面动态清零的区域要做好精准防控努力用最小的代价实现最大的防控效果最大限度减少疫情对经济社会发展的影响加大企业服务力度分区分级分类实施差异化疫情防控措施实施“一企一策”“一厂一案”保障企业有序生产经营三要做好统筹协调全力保障交通运输顺畅确保企业物流畅通上述措施自3月18日星期五起开始实施深圳市新型冠状病毒肺炎疫情防控指挥部 2022年3月17日	0
再不解封估计我都疯了	2
已经吃了一礼拜的面了 终于解封不用再吃了	1
“挣到钱才能挺起腰杆”这句话是每个成年人的真实写照 感谢他们冒险保证了我们的基本生活不是所有站在光里的才是英雄	1
祈愿最后一次大家顺顺利利明天正常上班	1
仅剩一杯的时候下单了现在喝饱了准备开始唱歌了虽然待的有点Emo了但还是深圳加油	1
被隔离后的生活状态就是学不进去玩不痛快睡不踏实浑身不得劲儿吃得还特别多	2
两个地方都快点给我平息	2
终于可以出门看花了 花都快谢了强烈的对比	1
热脸贴冷屁股 支援的人多做一半的事	2
防疫这件事儿一直觉得离自己很远深圳封城这几天深刻感受到疫情就在身边事关你我安危没人能置身事外防疫抗疫还是要认真一点	0
今夜的深圳一定有人在爱你无论何时何地我们都被爱得热泪盈眶等我们相见时我一定要穿越人海去拥抱你	1
该如何跟我领导解释这居家办公的一上午微信运动就近两千步了事实真的就是今天全封闭管理街道直接进小区测核酸限时上午完成电梯特别特别慢不浪费工作时间的我上下直接爬楼梯22层打工人真心希望21号能回公司上班这居家办公的我上个洗手间都有负罪感工作更是24小时待命	2
一代人有一代人的长征	1
笑死 先爱清湖 再爱龙华 最后爱深圳深圳	1
深圳五区生产生活恢复 商铺开门员工返岗从昨天18日开始已实现社会面动态清零的深圳几个区和一些单位恢复正常工作和生产公交地铁恢复运行商超商铺开门营业员工返岗“抢”进度 深圳五区生产生活恢复 商铺开门员工返岗	0
越来越多	2
终于解封了 小区内一直阴性的朋友们太不容易了	1
要不深圳先解封我去把我的东西先搬回来	2
77粒上沙重灾区加油挺过去	1
折磨人的不是疫情是疫情防控政策	2
深圳市宝安区在福海街道沙井街道松岗街道燕罗街道划定封控区管控区和防范区一封控区1福海街道桥头社区桥南274号AB栋；2沙井街道壆岗社区盛芳园北区二栋B单元；后亭社区宝亭锦园B2栋；3松岗街道楼岗社区洋眉坑网格序号10格中158栋；4燕罗街道燕川社区西一巷5号封控区实行“区域封闭足不出户服务上门”	0
愿疫情早日退散看尽鹏城春秋	1
现在道德绑架非常严重我都帮你做核酸了你还闹什么我们很辛苦的你知不知道医护人员很辛苦的你知不知道那你可以选择辞职不要在社区养老啊用自己工作辛苦来绑架别人服气我扫码的时候我都不敢跟别人说我很辛苦你们不要吵我只是在做完核酸之后说我好累让我坐会	2
完了芭比Q了在这附近了	2
昨夜深圳骑手无家可归“我们的方便正是建立在他人的痛苦之上”摆在骑手面前只剩两种选择要么进村睡觉；要么留在外面明天才能继续稳工	2
城中村 区政府没有管辖权么村委防控不到位 区里不能直接接管了上沙封了这么久眼看就要 解封了又憋了一个大招出来塘晏村 这次事件 漏洞百出且处理的也不恰当被拉走的居民现在还在车上吧什么都没有对接好就敢拉人走东村一整天没有做核酸又埋雷呢	2
因为疫情我头一回叫外卖头一回下载点餐软件 存货吃光光了肚子饿的咕噜咕噜响很多头一回记录一下深圳加油	1
某种意义上歌舞升平国泰民安但上沙还在水深火热中真是赢麻了啊	2
被迫7+14天居家隔离的可怜人	2
沙井新桥街道东环路周围的核酸点比居家前还要少现做核酸要走半小时的路程去其他的社区才能做是否可以在周围安排2个固定的点而不是流动的沙井现在疫情本就有新增这样大规模聚集是否没有关系那这样的话让我们居家七天的意义又在哪里天天这样聚集排队不如不做还安全些	2
我可以不出门 但是我不可以被封 我要emo了	2
晚上下楼遛弯看到店家都在抗议防疫的问题陪跑区人民陪跑了一个月还不解封月月的房租和人工只出不进的压力让大家都没了继续等待的耐心；以至于看到飞机失事的消息后就莫名的感伤如果有一天非要在饿死和病死之间做选择我不知道结果会如何毕竟在这个魔幻的世界里你已经不知道意外和明天哪一个会先来能够做到日日如常的健康喜悦竟成了一件奢侈品	2
美國衰落了嗎柴可夫斯基有罪深圳疫情減輕了 沒完沒了 沒完沒了 沒完沒了免掉一群政府機關負責人是正確決定	2
现在除了做核酸不能出门了核酸每天一检为了这为数不多的“轻松一刻”我每天都穿戴整齐下楼做核酸如果有喇叭喊“现在人少快点下来做核酸”我就不下去等人多才下去这样就可以在阳光下站久一点	1
居家办公摸鱼日常	1
今天17号被告知不能进公司办公了也没申请居家终于有理由可以不用上班了核酸检测也都进小区里头小区顿时是热闹非凡外头公路街边没有多少大车行驶除了过年像空城之外就是此刻了过往行人有的只是送餐送货外卖骑手环卫工人防疫志愿者巡查警员深圳加油	1
昨天是17轮核酸检测今天进行到18轮了吃完早饭就下楼排队等着做核酸变成了最近日常生活的一部分	0
根据深圳 疫情防控指挥部统一部署自2022年3月21日起港铁深圳4号线恢复运营服务运营时间为0630-2300早晚高峰行车间隔约为5分钟平峰期间隔约为10分钟暂不提供半程加班车服务此外为配合疫情防控福民站C口少年宫站C2口以及市民中心站C和D口暂时关闭具体恢复时间待另行通知乘客搭乘地铁时须凭48小时核酸阴性证明或当天24小时内核酸采样凭证记录方可进站同时进站时提前扫描车站“场所码”并向工作人员出示乘车途中请全程佩戴口罩共同维护好地铁的乘车环境感谢您的理解支持	0
这真的最近几天作息混乱	2
救救孩子吧	2
因为一个逆子搭上一个能干的儿子希望疫情早日结束	1
今日又是小队长 但是我今天很生气事件1我真就不理解了 总有那年纪大的 仗着自己岁数大就为所欲为 二百来号人排队做核酸 您说插队就插队 但凡您要是七老八十站不住走不动了 我就啥也不说了 可您这嗓门比谁都大 整个篮球场就听你在这嗷嗷喊 我这都难受的直不起腰了 您还喊您孙子往过来呢 您说您咋想的 事件2⃣️ 咱就说我身后面这位大妈 疫情期间咱保持点距离行么 您能别靠我这么近么 您就差趴我身上了 这还下着雨呢 你那伞上的水弄我衣服上全是 我是没说话 眼神您看不懂么	2
再加36例无症状这是破了百了暂停键按下的第五天曙光虽未启希望仍存守住这块地儿只为餐桌有青菜	1
小卫你为什么迟到原来是55➕37	0
真的对香港这个逆子的无限偏爱把最能干的两儿子搭进去了	2
社会怎么会有这种人都居家隔离了即使检测出来也就住院了为啥要违法干这种事情	2
居家办公 一起加油 居家办公第四天晚上没加班终于感受到了一点点居家办公的快乐ps今天的饭都是某人做的	1
没有刷dy的第三天没有出小区门的第七天楼下又响起呼吁声了 下来做核酸啦做核酸啦明天能出门搬砖吗	1
深圳你真的有病	2
居家办公一周我的腊肉也快吃完了人也圆润了不少明天终于可以回公司上班了	1
路上有很多车都在停着停在路的两边只留中间两车道和停车场上的车一起等待后日重新上路	0
这是不是说明我的快递也可以动起来了	1
学校真的是好会说话什么叫做不是隔离点是人家小区里面的健康人过来进行14天的健康监测的对于赔偿问题避而不谈把宿舍里面的东西收了差不多之后开班会说对于收东西有什么建议你是在说屁话吗 一直在说是市政府征收的把学生的物品直接称作生活垃圾真的挺厉害的	2
他说要给我黄码诶 还有这种好事	1
怎么到今天还有几千个人在一起核酸的场面啊 最少有一千五百个人也不过分核 酸就只有一个点	2
不知不知覺封在家半個多月了[皱眉]	2
疫情之下很多人都疯了	2
昨日深圳新增4631其中福田41南山14宝安10龙岗4龙华4罗湖4福田上沙塘晏村上沙龙秋村重灾区新增了34人南山7天酒店突然爆发宝安西乡再度多点散发	0
上沙塘晏村8巷7-8号居民求助信请求尽快转移我们真的被病毒包围了小孩老人也特别多需要被关注谢谢	2
居家睡觉快成废物了	2
蛋黄最近见长还有2天就是8个月的靓仔了是看到我会大笑的小伙了	1
今晚 幸福的独处 音乐的治愈能量谢谢	1
有点崩不住的压抑感 心理防线已崩塌	2
我们终将胜利	1
据说又要开始打第四针作为加加强针	0
求一个深圳解封好歹让我把家搬了广州的房子明天就要退房了3月初定的租房在深圳结果被封了整个皱成一团我和我的北北要带着七八大箱的东西住在桥洞了吗	2
加油深圳啊我已经居家十来天了好无聊啊疫情疫情看看走开不要来深圳不要来中国不要出现在地球上了	2
不想再当战地记者了《关于居家隔离20天放飞几小时第二天酒店隔离变红码的这件事》我不理解真的不理解已经规规矩矩了20天222312直到宣布13号解封 要求全员下楼核酸这么密集的风险 我们的健康如何保障3月14号下午下楼集中的时候去酒店的时候 并没有给我们发防护服还要求我们在出发点楼下当场换口罩没有听错就是需要暴露在空气中换口罩我们当场拒绝并表示我们已经戴了两个口罩其中一个是n95才同意不用换但是跟我們同行的鄰居就有很多人直接被要求在樓下就這麼換了口罩我想问这一系列操作是否合规呢我们的健康又如何保障呢	2
雷雨天要来囖希望这场大雨把疫情冲走吧	1
天佑深圳早日散疫让按下慢行键的深圳早点恢复正常的车水马龙我愿配合所有防疫措施福田塘晏村的部分居民在统一安排下有序排队等候转运	1
我想解封我想回家我想爬山我想自由呼吸空气我想去见想见的人	1
上沙塘晏村有17个 222封村到312都没有出现过313解封一天就爆发为什么	2
晚上的时候就听说了深圳卫健委放出来是不是就是真的大家都好好的	1
使命必达抗疫有我3月14日-20日期间我们共送出1841份榴莲披萨意大利面等工作餐涵盖了7个行政区26个街道办事处37个社区工作站共有23家门店参与制作黎明将近深圳加油	1
车子一周没动听歌充电地库环绕一周假装自由	1
由于很长一段时间越睡越晚在熬了一次通宵之后慢慢把作息调整回来现在每天晚上8点多9点就犯困基本9点就睡着了白天5点多6点就起床把晚餐调到早上来吃并没有瘦但是黑眼圈明显好很多了明天还要等消息看能不能考科目一考的话我还得去做一个核酸太难了	2
好想跟你见面然后抱紧你告诉你我有多想你	1
朴朴超市确诊19个是谣言	0
14天了还不解封	2
均为深圳报告全省新增境外输入确诊病例12例其中1例为无症状感染者转确诊广州报告8例6例来自印度尼西亚2例来自尼日利亚；佛山报告1例来自塔吉克斯坦；深圳报告1例珠海报告2例均来自中国香港新增境外输入无症状感染者39例广州报告5例2例来自尼日利亚其余3例分别来自韩国印度尼西亚和南非；深圳报告26例珠海报告4例中山报告3例江门报告1例均来自中国香港新增出院129例目前在院1169例截至3月21日24时全省累计报告新冠肺炎阳性感染者12211例境外输入7649例其中确诊病例6461例境外输入3670例无症状感染者5750例境外输入3979例广东省卫生健康委员会发布	0
深圳疫情快点好起来吧打工人的居家办公起床就是碰电脑好不容易买到个早餐芋泥麻薯盒开启开心的周五真的真的好喜欢喝鲜牛奶我感觉我离不开了一天没喝就心痒痒好了一个非常无聊的沉浸式吃早餐记录一下	1
别祸害深圳了好吗偷渡s妈	2
之前其它城市疫情热干面加油生煎包加油冷面加油到了深圳没一个食物可以出来只能深圳加油来了都是深圳人来了就吃猪脚饭不过这猪脚饭是隆江的；牛肉火锅是潮汕的；椰子鸡是海南的；茶餐厅是好吧深圳打工人加油	1
深圳加油 是发自内心热爱的城市 全民抗疫渡过难关	1
万家灯火	1
从2月底我就有计划回潮汕几天毕竟春节没回家嘛但疫情一天比一天严重迟迟不敢返村现都3月18了但愿月底可以清零	1
榨果汁猜我今天喝的是哪个	0
都是朋友圈的图就是感觉深圳是一个很有爱的城市所以发上来与大家分享这波疫情居家办公的深圳打工人辛苦了外卖和快递小哥们更是辛苦了小区和村里的防疫工作人员也辛苦了当然大白们也非常辛苦希望大家协心同力共克时艰希望早日恢复正常生活	1
深圳疫情什么时候过去啊	2
深圳市光明区关于立案调查金葵花语艺术培训有限公司违规开展线下培训的通告深圳市金葵花语艺术培训有限公司位于光明区公明街道福盈中央山花园的“金葵花语钢琴艺术培训”教学点于3月12日违规组织开展线下培训活动造成疫情传播风险经研究决定对该机构立案调查依法依规进行查处当下疫情防控正处于关键时期全区校外培训机构要严格遵守疫情防控相关规定共同筑牢疫情防控防线后期有关部门将进一步加大查处力度对检查发现的违法违规行为一律严肃处理光明区校外培训机构整治规范工作专班2022年3月15日	0
怎么越来越严重了足不出户了村里也不能转悠了吗	2
终于听到雨点声了	1
下周继续居家	0
隔离第四天胖了三斤	0
被管控封村第15天听说明天凌晨要解封了交通会恢复运行其他行业也要陆陆续续恢复上班我现在反而不急了摆烂就是我现在的心态	1
麻了已经继深圳停工之后东莞也要停工广东太难了	2
收到暖心大礼包辛苦半夜服务的小哥哥小姐姐希望疫情快快走开吧	1
你有什么权力发这个短信是何居心唯恐天下不乱这不是大范围造谣吗 疫情	2
通知整栋转移了 已经有楼层在动了 看情况应该就这两转移完就可以安下心不用天天等通知了	1
为打赢这场没有硝烟的“战疫”中国移动广东公司充分发挥数智化技术优势联合多家合作方共同打造5G防疫无人机5G无人快递车等行业应用在深圳福田区福田街道等地区投入使用为防疫巡逻远程喊话物资配送提供精准的数据支持助力疫情防控工作科学化精准化下一步中国移动广东公司将积极配合政府有关部门充分利用5G科技力量推广科技防疫措施守护战“疫”防线坚决打赢疫情防控攻坚战	0
个别男性群众对防疫毫无作用还添乱疫情前小区管控前逃跑去别的地方住的我身边我知道的就不下十个还有的逃到别的城市去真的觉得这种人很无语只是个别因为很多防疫人员和男医生也是男性只是说个别人就是真无语	2
时代的一粒灰落在个人头上就是一座山希望这一波深圳疫情 尽快过去	1
深圳将恢复生产生活 公共交通恢复运行有关深圳疫情防控以及复工复产的最新消息马上连线本台驻深圳记者	0
加油 深圳	1
疫情让沪深的人民深刻地知道了户外的可贵	1
要加油鸭小区里边的小朋友堆的落花可可爱爱	1
时隔两个多月又当上队长了哈哈哈哈哈	1
被封第24天积极做好自己能做到的尊重每一个在抗疫战中做出贡献的人只要我们有一份光发一份热总会燃起希望的火希望深圳能早日打赢这次战役我们付出那么大代价只是为了守护祖国的未来小孩守护祖国前期建设者老人他们都是祖国过去未来中重要的一部分	1
深圳福田区聚集性疫情相关干部被免职深圳市卫健委3月18日通报3月17日0-24时深圳新增69例新冠肺炎确诊病例和36例新冠病毒无症状感染者大部分病例都在福田已实现社会面动态清零的盐田区坪山区光明区大鹏新区深汕特别合作区党政机关企事业单位生产经营单位等恢复正常工作秩序和生产经营公交地铁恢复运行封控区管控区防范区严格执行疫情防控相关措施深圳	0
颜色像奶油蛋糕一样就叫你奶油好吗有名字了就不再是流浪猫未来一定会好好的希望疫情快点过去吧小流浪都能好好的	1
希望明天一早起来收到解封的好消息[淚]	1
昨天新增多少呢怎么还没发每天早上第一件事就是看新增今天看不到还有点惦记	2
深圳市罗湖区新型冠状病毒肺炎疫情防控指挥部办公室发布通告称根据疫情防控工作需要自2022年3月16日起调整罗湖区南湖街道封控区管控区范围详情	0
深圳解封第一天出去透透气希望疫情赶快结束我想去上班[可憐]	1
深圳市2000万人的战疫按下暂停键的深圳作为摄影师的我用镜头记录深圳抗疫现状只有亲临现场才知道大家都不容易不过有大家的齐心协力相信深圳很快就会启航向医护人员志愿者政府部门警察以及每一位深圳市民致敬大家辛苦啦	1
今年的华强北 一波三折	0
恢复了公交地铁但可没说恢复人的自由行动就光明区想出门剪个头发都限制得要死你没事吧	2
“努力用最小的代价实现最大的防控效果最大限度减少疫情对经济社会发展的影响”深圳如何找到最佳战术和平衡点用最小代价换取最大防控效果	0
明天能不能上班坐标福田购物公园	0
关于我妈妈有多爱我这件事疫情严重 妈妈担心加倍怕我不快乐怕我饿怕我吃多了 怕我熬夜 怕我睡多了	1
里面的建议很实在所有的行业都需要各种减免来降费增加活下去的支撑 希望能有相关政策出台	1
深圳你到底是在救人还是让人死	2
突然想到之前广西边境偷渡者给当地带来疫情危害当地对偷渡者“游行”惩戒一些站着说话不腰疼还宣誓人权对此不满现在深圳这波可能也是这样导致深圳的防范力度又强基层工作者＋医护＋其他防疫工作人员已经加班加点工作一个多月现在深圳更是居家办公不给外出工作人员家都不能回吃喝拉撒睡都在办公室打地铺家人都见不到那些一个人背负着一家人的开销房贷什么的打工者因为居家办公带来的经济损失贷款还不上消费跟不上那些为一己私欲的人考虑过这些人的感受嘛一个一线城市全体居家不外出带来的各种损失有多大你可以趋利避害但请不要给他人给这个社会带来麻烦	2
照顾好自己的健康和情绪这场疫情你就赢了一大半其余的国家自有安排	1
明天应该正常开工了吧福田上沙塘晏村26依旧重灾区南山继续多点散发封控区增加了一大堆从海月湾厦整片都变成了管控区宝安也增加了非常多的封控区防范区整个防范区从罗湖到福田到后海前海已经连成了片	1
疫情带来的一个变化大概是看到救护车会下意识紧张	0
深圳按下暂停键的第五天宅家五天了深圳加油	1
一大早的想突围去上班结果四证在手也无法出去最后发现自己钥匙也忘记带了只能喜提蹲着门口开会办公了以前是不想上班现在我是想求着去上班	2
我只能说深圳的防控政策太恶心了又要48小时核酸证明又把核酸检测点撤了确实恶心到了	2
321日深圳“停摆”一周后缓慢启动除了“三角裤”区因没清零而受限外其它区域虽然多少能动弹但管控并未放松依然不方便 网传停摆一周损失600多亿找到634个阳性人均成本1亿这代价也太大了支持清零但更支持精准防疫这种“宁左勿右”的情况不希望在任何地方再出现一次	2
3月13日深圳口岸检测出17名跨境货车司机核酸阳性该17名患者为2月4日以来深圳口岸检出的第468名至第484名跨境司机阳性病例	0
公交车打卡之后要在公交车刷深圳通的地方再次扫码才能进第一次谁都get不到司机的意思然后堵在那里笑死司机拼命解释小姐姐拼命说我扫码打卡了手抖中	1
你看这些b崽子在说什么	2
不知道深圳今天在搞什么	2
今天深圳“慢行”第二天早上六点起来码字一直到晚上七点期间叫妹妹去拿社区通行证回来给我说只能拿一张每次一个人出去两小时必须回来过了一会妹说好像不用出去了楼下就有做核酸但还是可以出去一会再过一会妹说好像只能隔天出去一次每次一个人只能是拿卡的她然后说反正没事大不了叫外卖去门口拿又再过了一会妹跟我说外面好像要交通管制了好像外卖也点不了而现在福田已经确认交通管制了好吧突然觉得深圳有点低气压说不上为什么或许是因为外面没有车通过安静得可怕或许是偶尔是消防车路过还是救护车的鸣笛声不管怎么样还是要运动一会把环闭上算是今天做了一件畅快的事	2
防疫归防疫但涉及百姓民生的东西绝不能一刀切	2
疫情最可怕的不是停滞因为停滞总会解封开放咬咬牙坚持就过去了最可怕的是低效率成为常态化上班路上各钟关卡查验排长队在一线城市上班通勤单程15小时的有不少群体这部分人的通勤时间可能由单程15小时变得更长	2
今天核酸检测任务完成深圳加油	1
八点守着卫总到现在还没发 多少让人有点紧张	2
欠春天一场约会每天隔着玻璃往下看 户外没人没车的深圳只剩下虫鸣鸟叫百花齐放不知道是不是因为没有人它绽放得更靓丽	1
福田继续等通知	2
无语突然楼下传来嘹亮的歌声往下一看一二三十一个人在楼下空地聊天唱歌转呼啦圈这算聚众了吧	2
盐田管制期间吃室友做的甜品	0
深圳承载了多少年轻精英们的梦想她们能吃苦耐劳他们才艺双全他们顽强拼搏他们是祖国的未来 来了就是深圳人爱深圳这种勇往直前敢为天下先敢想敢试敢做敢闯的精神	1
疫情三年 从湖北疫情再到深圳疫情体会到的管控管理依旧还是体现的到人们的素质以及特殊情况下大部分人因为无法正常工作生活压力很大造成的不稳定情绪但最“开心”的还是能从那些“基层拥有特权的管控者”的脸上和态度上看的出来	2
知识面盲区有没有权威人士解答下之前0感染者的小区经历了这段时间最少7天7检的核酸检测是在什么情况下感染的官方能否把相关感染路径发下 让广大公民吃瓜群众在现有的防疫知识层面提高下认知完善知识面强化防疫心得要素确保不为公民添堵	2
真是绝了妈的	2
见证历史时刻	1
这支烟提前希望明天结束七天居家不知明天是否有感略带惆怅的百无聊赖写上打油诗今晚的风 瘦骨伶仃好像找不到落脚点而我 驮着纷乱的心情 点燃手的烟吐出一束白气后回咽一口水像是在试探心情我的情绪在矫柔造作不能尽欢掐灭烟头 望着黑夜 它依然坚挺追求是否皆是虚妄我沉默伪装夜在苏醒与延伸月在花好之上我出来又进去在这块土壤 落地开花结果但根仍未扎	2
明天就可以回家啦明天就可以开始减肥啦疫情快过去吧我要去游泳我要好好减肥现在天慢慢热起来深圳这几天刷到的防护人员真的好辛苦心疼现在我们暂时休息但他们还在工作希望为全国疫情战斗的你们一直都安全健康先保护好自己大家一起加油	1
深圳西乡 防疫	0
明天就20号了可以正常了吗还要搬家呢	2
九点见	0
宝安好多地方朴朴送不了了今天是靠盒马买的菜啦咖啡是仅有的最后包挂耳了居家第五天 感觉从冬转入了夏天门口的黄树叶也掉光了 没有了踪影 新的日子赶紧来吧[可爱][可爱]	1
不知其他深圳人是不是和我一样因为买不到菜 对生活充满了怀疑	2
反消费主义午餐继续在家苦练厨艺	1
打卡今天是第19轮核酸检测	0
猜猜他们叫什么	0
深圳上沙封控区内已经三天无人处理生活垃圾现在是垃圾堆积成山蚊蝇滋生散发腐臭味严重危害我们的健康先街道志愿者人手严重不足无力照顾片区人们最低的生活需求希望福田区政府检讨一下自己现行的封控措施是否得当我们是不是典型的越努力越倒霉封控已25天	2
深圳市福田区福田街道发布指挥部通知第10号凡事24小时不做核酸赋黄码48小时不做赋红码社会面清零背水一战	1
茶光村封了我一个我快30岁的男人 一个人支撑起一个早餐店 全部收入都靠这个店 今晚彻底崩溃家散了人走了一个人一个店 从来没有如此强烈想离开深圳的想法这想法太强烈了他说自己也是一个父亲也是别人的孩子也是丈夫 3月1日开始一分钱没赚到除了店租货款每天贴进去人工	2
解封了明天终于可以上班了	1
神奇的抗疫社区发的通知鼓励匿名举报48小时没做核酸的人明明有更有效的方法把这些人抓出来直接赋黄码红码逼他们去做为什么要用这种60年代的鼓励匿名举报的手段去考验人性	2
3月15日广东新增本土确诊59例广东新增本土无症状54例3月15日0-24时广东省新增本土确诊病例59例其中1例为无症状感染者转确诊深圳报告55例珠海报告1例东莞报告1例中山报告1例韶关报告1例新增本土无症状感染者54例广州报告1例深圳报告37例东莞报告16例全省新增境外输入确诊病例21例其中4例为无症状感染者转确诊广州报告2例分别来自韩国和巴林；深圳报告14例珠海报告4例江门报告1例均来自中国香港新增境外输入无症状感染者38例广州报告12例3例来自缅甸2例来自孟加拉国其余7例分别来自老挝吉尔吉斯斯坦新西兰卡塔尔科威特约旦和莫桑比克；深圳报告16例15例来自中国香港1例来自日本；佛山报告4例2例来自越南其余2例分别来自马来西亚和厄瓜多尔；珠海报告4例中山报告1例江门报告1例均来自中国香港新增出院54例目前在院1760例截至3月15日24时全省累计报告新冠肺炎阳性感染者11374例境外输入7348例其中确诊病例6048例境外输入3575例无症状感染者5326例境外输入3773例广东卫生健康委员会	0
第一次按下慢键的深圳	0
暖心大白单膝跪地服务老人太暖了这里是深圳一座温暖之城这一跪显“深”情辛苦	1
宝安解封了为啥还不能发快递到深圳呀请问啥时候可以恢复快递我每天都要问好多家客服深圳可不可以发快递深圳啥时候才可以快速自由啊	2
外卖快递停了骑手不让出门商家也不让开门	2
- 福田区核酸采样ing街道办事处以及各小区物业十分配合居民采集的那个热情比中国队进世界杯都兴奋牛逼	1
转确诊了会不会死我不知道现在关起来会疯会穷死是真的	2
尽绵薄之力致敬所有逆行者	1
我想知道明天解封后福田可以去罗湖吗	0
无语了我这栋是封控区防疫人员关了我们超过一天一夜后终于等到上门摸底采样居然漏了我们这一层有名单都能漏不是我跑到窗边叫住他们估计都不用做核酸了这还是封控区妥妥无语住了其余区域不是更加松	2
每天居家生活核酸 核酸 再核酸 居家生活这几天我买两桶酸菜方便面我看着它满脑子恶心	2
居家办公前一天去超市买东西想囤点方便面的然后去了超市后方便面的那一排架子都空了一包没买到啊我是当时那个着急啊所以囤老坛酸菜的大家你们还好嘛	2
已经疯了	2
对对对剧组包场了就可以不带口罩吃烤肉我们这些志愿者没日没夜的休息的地方都在路边吃饭都是急急忙忙的盒饭吞了就完事了但是明星就可以在禁止堂食的地方包烤肉店休息吃烧烤不得不说牛逼感受感受深圳被隔离接近一个月的人吧	2
今日 播报来自非重点区域非重点人群非隔离人群的新增病例即社区筛查仅剩1例说明未知感染源已经基本上清完了当然这个数字稍微有点尴尬明天是不是解封允许上班呢卫健委的通告是“等通知”应该今天下午会有更明确的说法我感觉可能会再稳几天	0
终于出来了外面的空气好新鲜外面的世界真精彩本是枯黄树叶的大树都发出了新芽	1
咱就是说想当个志愿者都不符合报名条件	2
疫情居家隔离又到了我修练厨艺的时候了	1
终于解封财神爷说他也要上班了So各位雄赳赳气昂昂重拾旧河山好运在前方上班	1
都解封了 乖乖回去上班	1
深南大道比过年还要冷清	2
简直无语 小区里做核酸一会晚上做一会早上做的这就算了连通知都没有的昨天一大早下去就说是晚上才做晚上下去就说还没到我这里会提前来敲门敲门之后再下去今天我就在家里等结果并没有敲门下楼问了才知道已经做完了一整个气死那我这今天没做到咋整啊	2
难以置信吧	2
3月15日020时东莞市新增1例本土确诊病例大朗镇报告和9例本土无症状感染者松山湖园区3例大朗镇2例石排镇2例东坑镇1例横沥镇1例均已送定点救治医院隔离治疗上述人员中1例在重点行业例行检测发现4例在密接筛查发现2例在集中隔离发现2例在区域筛查发现1例主动就诊发现涉及活动场所均已进行环境核酸采样和终末消毒	0
深圳龙华大浪街道附近有兼职工作吗现在特别想搞钱	0
能不能管管那些无良企业无视防疫规定明明不是生活保障行业非得明面上一套暗地里却要求员工跨区上班无视交通管制安排班车接送公关部分严格执行抗疫规定的街道办手段无所不用其极平日里卖爱国情怀现实中无视人民抗疫成果跟国家清零抗疫方针唱反调说的就是抗疫第三天依旧灯火通明人来人往的坂田“民族企业”	2
拜托关注一下可以安排福田宠物驿站集体收留宠物吗 太理解这种保护不了毛孩子的无助感了它们是生活里的光真的拜托拜托看一下	2
云开疫散深圳加油	1
居家办公完全不影响明天要去福田上班了希望同事的电脑不用再搬回家	1
过去今天休息呀真舒服现在今天能上班呀真幸福深圳公交地铁停运 如果直接进入共产主义社会是不是人民劳动积极性会更强	0
再不放出去想死了	2
窗外光景	0
在群里收到的宝安核酸检测点希望能帮助到需要做核酸的朋友们有空的尽早去做吧晚上下班人估计人会很多	1
3月13日深圳口岸检测出17名跨境货车司机核酸阳性该17名患者为2月4日以来深圳口岸检出的第468名至第484名跨境司机阳性病例	0
近日深圳市福田区住房和建设局检查人员在疫情防控检查中发现彩田村莲花北村长城花园小区卡口管理不严格未严格执行“居民白名单制”违反了市区疫情防控指挥部关于加强社区小区围合管理的工作要求现场责令小区物业管理单位立即整改并对相关物业管理单位开展物业管理活动的情况进行检查深圳晚报数字报深圳晚报记者	0
解封了吗解封了吗	0
真的很烦 胖了10斤看着过去的照片每天以泪洗面再这样下去 两位数很快要变三位数体重	2
只有被封一整个月基础生活用品消耗殆尽才能体会到这种绝望吧这种无限期的隔离无时无刻不在担惊受怕更难熬现在是楼下会在大半夜的时候不停围挡根本不清楚离我们不远的隔壁栋发生了什么我们居民也有知情权隔离需要一个期限	2
想问问现在深圳可以跨区去福田复诊吗	0
疫情之下多少人过得艰难33和小浩得多庆幸是在央企虽然工资不高但胜在稳定	1
广东新增本土28例3月21日0-24时全省新增本土确诊病例25例其中2例为无症状感染者转确诊深圳报告23例中山报告2例新增本土无症状感染者5例均为深圳报告25-25=28全省新增境外输入确诊病例12例其中1例为无症状感染者转确诊广州报告8例6例来自印度尼西亚2例来自尼日利亚；佛山报告1例来自塔吉克斯坦；深圳报告1例珠海报告2例均来自中国香港新增境外输入无症状感染者39例广州报告5例2例来自尼日利亚其余3例分别来自韩国印度尼西亚和南非；深圳报告26例珠海报告4例中山报告3例江门报告1例均来自中国香港	0
慢生活解除了好好工作	1
3月22日0-24时深圳新增18例病例其中2例在社区筛查中发现1例在重点区域筛查中发现15例在隔离观察的密接人员排查中发现福田区11例社区筛查1罗湖区4例社区筛查1南山区2例宝安区1例西乡街道数据挺好看的但是真的可信吗 21日解封之后宝安核酸检测点都撤了22日晚上好不容易冒雨测的核酸23日早晨才出结果且看后面几天的新增再说吧社区筛查还在有新病例出现现在还不是这么放松得时候吧麻烦核酸点还是继续安排起来吧需要48小时核酸报告上班的打工人太难了	2
今天全深圳人都在	0
好不容易运动一次去楼下打羽毛球被赶回家了	2
蜜给我寄物资来啦哈哈哈哈哈哈	1
深圳疫情全体居家第七天在发前终于收到明天解封的消息太激动了这个标题希望也就此终止小区通知的二天一出的通行证一次也没用过今天早上可算用了一次让我妈去了趟菜市场备货早上照常点了肉片粉中午又给小王做了锅包肉我现在的锅包肉真的是太熟练了哈哈晚上卤了X黑鸭加上绿豆沙冰成的绿豆粥清清爽爽开开心心迎接明天嘻嘻	1
慢下来的深圳加油加油	1
疫情揭露弊端 相信这也不止是深圳的问题	2
菊厂老板看到了么	0
晚安阿紫想粗去玩	1
看到今早人山人海的深圳地铁有话想说首先深圳建设地铁覆盖在一线城市里排不上名以至于按照人口和面积换算才能看到各大榜单第一我不知道这种数据的意义在哪里其次被深圳年轻人称为人才线的13号线预计得2023年开通为什么提到这条线路因为它建设和开通太晚了有一站“科兴”太需要这条地铁了这里就是23点网约车排队100也打不到车的地方聚集着众多知名科技企业而地铁作为城市刚需配套不完善苦的还是这群打工人最后深圳地铁定价不便宜应了那句「深圳赚钱深圳花别想一分带回家	2
冒个泡今日贴纸打卡	1
但一直被踢皮球健康码一直没办法变绿码身患糖尿病却一直无法出门就医希望深圳有关职能部门敢于担当不要推诿责任不要伤了平民百姓的心	2
什么时候解封呀 我想规律上下班 规律作息	0
我们今天第3次收到转运通知啦前面两次都是虚晃一枪明天真的要转运啦我把今天收到的转运通知大概意思整理成了下面这个图片非常人性化可以自己决定自己的去留我们楼29天核酸全员阴性每户门上安装了电子封条前提下	1
3月17日财联社报道深圳市宝安区沙井街道应急管理办公室发出通告自3月11日以来有8家企业因违反防疫政策被查封控停其中6家为电子相关企业包括知名上市公司信维通信大富科技	0
今天105例 清零无望	2
凭啥有48小时核酸也不给进出小区 门口立的那么大牌子是白写的么进出需持有四十八小时核酸 “或”24小时核酸检测记录尼玛的 明明写的具备其中一个条件就可以 有些工作人员却假装看不见非要有24小时才给放行 大清早的九点要上班 非要人等到十点核酸点开放做完才给出 我的母语是无语	2
這段時間才真正久違了深圳的舒服沒有車水馬龍的喧囂沒有清晨學校的廣播沒有廣場上繁雜樂曲沒有夜生活下的聲響深圳你真的好靜好靜	1
今天数据出了吗	0
明天最后一天啦希望可以顺利解封	1
深小卫以一己之力改变了大众对官微的印象在众多官微中“破茧”“出圈”其中有一点就在于没有强按牛头去喝水而是实现了与目标对象的双向交流并解决了受众许多难题	1
测核酸测核酸天天排长队保持绿码120来小区有点怕怕赶忙各群互相问询出啥事儿了哪栋楼封了拉走了没	2
谁能想到疫情如此严重之下还有人排队做核酸不戴口罩然后问做完核酸的朋友借朋友戴过的口罩用丝毫不觉得这么做有什么不对其他跟这人还是一队一同混采的人们能不害怕么恰好我就是其中一个	2
讲个笑话 “坚决防止一刀切” 我们小区疫情爆发开始到现在没有确诊的一直在连带被隔离 真有你的	2
吃了一个礼拜的面条饺子馄饨今天换换口味	0
今日春分万物复苏花城广州春天一到哪里都是花木棉花宫粉紫荆樱花虞美人哪里都是浪漫每逢花开都是治愈愿疫情早日结束所有美好如约而至	1
说是解封了但是到社区层层加码	2
现在要求大家一天一检 工作人员不到通知结束的时间点就撤了 那漏检的咋搞	2
啥时候结束 放我出去	2
昨日宝安无新增昨日深圳新增3311累计44其中福田38龙岗3南山2罗湖1福田依旧重灾区上沙占了30福田龙岗零星散发 深圳·后海	0
纳尼福田哪个地方咋不说都在深圳就完事了	2
深圳当初能成为第一个立法不允许食用猫狗的城市为何今天在转移隔离居民时却这么轻率对待这些毛孩子养宠人诉求很简单只是希望自家毛孩子能有真正安全且妥善的安置或者随行转移一线防疫的工作人员们已经够辛苦了相信疫区中的居民们也都不希望给抗疫工作增加不必要的负担宠物随行让各家自己照顾各家的这是最不用再额外浪费资源的办法对毛孩子來說也不会因为骤然转换环境又见不到主人而出现问题养宠人被隔离期间也有个心理依托这难道不好吗	2
管控第24天足不出户第11天买不到肉菜第n天终于在诉求后给分了物资凶巴巴强调仅此一次其他同街道不同社区天天送肉菜的我们这解封遥遥无期有点扎心但对政府此次投喂我也心怀感恩感谢各位对新洲北村和中心村的关注感谢志愿者和大白的陪伴	1
在封控区的第三十天半夜的一场雨和雨后的长寿花	1
105例破百了	0
防疫就要强人所难吗硬性要求48小时核酸而核酸结果12个小时都出不来深圳市民大雨全被挡在室外淋雨	2
深圳工会组建抗疫突击队 为隔离群众运送物资	0
有人恶意p图把“居民出入证”改成了“良民出入证”龙岗警方已对违法行为人赵某波作出了行政处罚每个有常识的国人都不可能不知道“良民”是日本侵略者使用的特定词汇凭“良民证”出行是日本战时限制中国居民行动的侮辱性政策	2
" 部分重点区率先实现社会面动态清零深圳疫情防控总体形势趋稳可控不断向好在17日举行的深圳疫情防控新闻发布会上市政府副秘书长黄强介绍最新疫情情况黄强表示自3月13日市疫情防控指挥部发布《关于做好全市三轮全员核酸检测的通告》后在全市上下的共同努力和全体市民的大力配合下深圳以对市民对城市高度负责的态度严格落实各项防控措施有效管控疫情传播扩散风险目前全员核酸检测工作进展顺利绝大部分病例在封控管控区和集中隔离点核酸筛查中被发现社会面新发现的病例数明显下降连续两天均为个位数；部分重点区已经率先实现社会面动态清零坪山光明大鹏等区近日来未发生新的疫情；全市生活物资供应充足物价稳定疫情防控总体形势趋稳可控不断向好 深圳通过高质量开展全市全员核酸检测建立覆盖全体实有人口的“白名单”为接下来调整防控策略提高疫情防控的精准性有效性奠定了良好基础目前全市每日新增病例数依然处于相对高位个别封控管控区重点场所城中村还有散发疫情我市面临的疫情输入和反弹风险依然存在	0
快好起来吧	1
一场换季感冒带来的封城不就是场闹剧	2
这位是什么官红头文件什么时候变成密函了	2
疫情来了就知道小区容积率和配套设施以及有个好物业的优势在哪了	0
好久没出去蹦跶了	2
3月21日0-24时深圳新增28例病例其中1例在社区筛查中发现1例在重点人群筛查中发现7例在重点区域筛查中发现19例在隔离观察的密接人员排查中发现；23例诊断为新冠肺炎确诊病例5例诊断为新冠病毒无症状感染者	0
福田滨河路以北发来贺电解封啦	1
能扛事就是了不起的才华	1
做了一个月的核酸今天终于轮到我当队长啦后天能解封吗	1
最近一段时间每天香港货车进深圳都会查出几十个司机核酸阳性奥密克戎冠状病毒 现在香港货车入境深圳后每辆车安排一部深圳的士出租车专门跟车严防死守某些不守规矩的香港司机 当某些港人素质跟不上或者说不懂得尊法守法那么深圳特区政府应该立法进入深圳境内后如果香港货车司机不按线路行驶或者半路下车按刑法判刑不然深圳再防守也被某些不自觉的人给祸害人今天是深圳封城第三天罗湖区全区域禁止出小区除特殊人员外其他所有人都要居家办公生活	1
原以为阴差阳错的公干跑出了毒圈但下班回来后发隔壁的隔壁房间贴了封条第一时间看到这个还是有点慌；后面得知说是路过深圳高风险地区核酸阴性这才稍微放心不得不说防疫非常精准第一时间就联系当事人并实施政策效率相当高效了举国防疫人人有责祈祷疫情快快褪去	1
直播｜深圳举行新闻发布会通报疫情防控最新情况2022年3月18日星期五1030深圳市将举行疫情防控新闻发布会邀请市人民政府副秘书长黄强和市卫生健康委员会龙岗区福田区深圳市康宁医院有关负责人出席通报疫情防控最新情况	0
深圳疫情什么时候才能结束我买的手机壳都不能发货了	2
听说还要封多7天奥买噶	2
3月17日 我的小区竟然封闭了前几天还在庆幸能够自由出入今天突然变得紧张起来道路和小区的门用围栏围起房东在群里叫大家赶紧去买菜买物资形势越来越严峻了 今天依然担心没地方做核酸好在因为小区封禁下午安排了医生进来给大家做速度超前的快十几分钟就搞定了讲真的做那么久核酸这次真的好快借用群里他们的回复“做完核酸全身轻松不做老鼠屎?不害一楼人”第一次觉得在家的时间过的挺快或许是真的风控了反而安心了不用满大街找地方做核酸一直被称为外围的我们终于也变成了“内围”我的天西乡又变得超级严重了宝安的我们20号能解封吗围城里的那句话“墙内的人想出来墙外的想进去”用在现在的心境竟然也有点契合了	2
不想失去48小时核酸就请假出来排队做核酸 不然家也回不去 核酸点少的原因是因为工作人员有一部分在家隔离	2
现在要24小时核酸早上网格发消息说下午三点做现在又说要网格带队才能做没通知到的还要自己去排队做这样搞跟自己直接去有什么区别你怕漏掉一个就早点来做啊现在搞得一天到晚都在等	2
宝安新安宝安西乡暂时隔断 早日清零	1
一點都不喜歡毫無動力的慢生活 會壓抑會焦慮疫情趕緊結束 去嚮往的地方過想要的生活	2
今天发了个小区内核酸乱象的视频发现是大家都感同身受我再详细说一下我今天在香格名苑小区遇到的事情今天做核酸在小区是遇到一个男的在登记台登记完医生说往前走他直接越过排在他前面的人走在前面我就很善意的提醒了一句排下队那个人直接就开怼说是医生让他往前的特别理直气壮关键一个大男人哦就是很近的怼脸问我“你听没听见医生让我往前的”关键语气还特别差我后面的男士也看不惯说了几句这个人才排到自己的位置上后来我回头看了他一眼他还挑衅那种说看什么看真的素质太差了首先现在都要保持距离你那么近的和我讲话互相影响；其次我提醒你排队是在讲道理你哪来的优越感真希望这种人别再出现给中国人丢脸了	2
静待花开我以前觉得深圳的光就在那车水马龙中；但此时此刻深圳的光就藏在这两千万人共同抗击疫情的决心里我们虽然没有站在聚光灯下但大家都是抗疫路上的英雄	1
隔离疫情不隔离爱深圳	1
元气满满的大白蓝	1
一代人有一代人的长征解放区交通有路条小区出入有要按手印的承诺书；配给制下有等着抢购的人群疫情下有排队做核酸的长龙百年来还有红色的旗帜没变还有那初心没变	1
同样是封了人家都很淡定你老是怨声载道终于知道原因了	2
青春给了深圳钱给了房东	2
管控按下暂停键的深圳慢生活工作暂停生活还得继续出去买菜要凭出入通行证而且一张只能一人外出两小时公交地铁暂停你就会切着感受到之前社区团购对线下店冲击很大附近的小店没了只好跑好远才到超市	2
早晨现在出来感受大自然是件很奢侈的事情	2
有网友称在深圳市龙岗区见到苏神据深圳新闻报道东京奥运会前苏神确实有在深圳大运场馆训练大运场馆位于龙岗区确实存在再回来训练的可能	0
今天的8点卫总如如不动你猜有多少人在等卫总的推送我和卫总有548个共同好友除去小号我猜我最少有200好友在等卫总	0
真正被封的时候真的好想上班	2
深圳昨日新增23例本土确诊病例 5例无症状感染者3月21日024时深圳新增28例病例其中1例在社区筛查中发现1例在重点人群筛查中发现7例在重点区域筛查中发现19例在隔离观察的密接人员排查中发现；23例诊断为新冠肺炎确诊病例5例诊断为新冠病毒无症状感染者	0
大白“背后”的深圳抱歉以这种方式认识你但谢谢你	1
希望明天可以解封	1
核酸了吗	0
今年的状态就像是驴拉磨驴好了磨坏了磨好了驴病了驴和磨都好了缰绳又断了磨和缰绳都好了驴疯了[捂脸][捂脸][捂脸]	2
终于解封了在家宅傻了做预案做公众号也做疯了也终于可以吃火锅了[棒]	1
疫情期间的各种小奇葩乱八七糟	2
深圳疫情再不结束人要废了每天十几个小时看屏幕眼睛发胀吃完不动日渐圆润干活日渐暴躁已经快一个月没出村了	2
我在铜鼓社区我的第97次	0
现在的我可不是你想见就能见的首先得国家同意政府同意社区同意物业同意才可以	0
居家第6天了周末也要卷起来最近刷了不少脂开心	1
居家第四天继续做志愿者疫情不见好转开始感受到居民对核酸检测及疫情的倦怠情绪病毒和我们的斗争还在继续祈祷明天会更好	1
疫情居家隔离靠奶茶续命	1
从前车马很慢 一生只能爱一人 现在车马很快 一眨眼就封住一群人	2
南山区发最新通告根据疫情防控工作需要自2022年3月18日起南山区在南山蛇口招商街道划定封控区管控区和防范区	0
这这种政策就是懒政一刀切	2
你可能不知道他是谁 但是你一定每天有在“深小卫”刷到过他的画 从画深圳到画疫情下的深圳用插画定格城市抗疫工作者烂漫故事希望点燃疫情下人们的生活小火花继续燃烧下去	1
小区封闭的前一天出门拍到了好看的花花 结束了花也落了	1
繁星璀璨的天空心目中一个个梦境保存着一份份深情献出自己的热血去召唤未来的黎明看向繁星璀璨的天空那份理想依然闪烁在苍穹历经百年重振山河梦今日屹立东方的青松背后一份份目送迎向浪涛暗涌的寒冬那份信仰始终汹涌在心中莫问千古绝尘红梅诵来日林立东方的长虹 同心携手共抗疫情	1
小区居民都不能出门了我拿着生活保障从业人员证明顺利出来了天不亮就到天虹超市给线上订单拣货像给自己挑选一样日期选最新鲜的卖相好看的优先选择有赠品的和买一送一的自己满意顾客才有可能满意超市里面都是忙碌的工作人员但线上的订单太多了无论多努力一直都显示还有200多单	1
舍友一个深圳两个泉州一个东莞行程码4星战士	1
因为人员调整今天是我最后一班岗可能是近期最后一次到封控区执行任务希望国泰民安因为封控区现在只有五个人无法转运比如身体问题不便转运的这几天的工作让我见到了封控区居民楼里各行各业各种类型的人们昨天还给他们采样完今天再去就整栋楼空无一人都被转运了感觉内心很失落很想念他们等一下就要进封控区了想给他们说“祝您们健康天天保持阴性以后有缘再见加油”	2
不解把大陆援港医护当护工在用吗什么人怎么这么坏啊	2
居家办公第四天不仅谋生还有热爱	1
现在这情况真的一天一个样昨天还有餐饮开门今天全部关闭了我连早餐都没得吃	2
大白每天都太辛苦了快快快快快解封吧 ps政府真的暖心	1
3月16日深圳新增91例还没降	0
堪比难民	2
核酸检测排了四十分钟才发现我以为的路线和实际的路线存在巨大出入解封后取消了大量核酸检测点是你上天入地才能找到一个的程度同时办公楼要求24H核酸地铁要48H核酸两点一线几个月之后不得不每天找地方大规模聚集一次这样的措施合理吗	2
相信深圳会文明善待宠物	1
深圳的官方媒体面子上都说深圳已解封但是实际上只是撤掉了大部分核酸点而所有场合都需要24小时核酸部分小区甚至还需要连续做5天核酸才让出门如四海小区范围昨天外卖架放小区外今天又放小区内你如果问工作人员说这些要求都是什么逻辑对方鸟都不鸟你就说是“要求”现在还下雨不知道多少人因为要回办公室上班天天排队做核酸对着骄横的防疫人员和老板还要忍气吞声深圳的防疫政策没有红头文件滥用职权随意执政投诉无下文官博关闭评论群众怒火积攒已久	2
怎么会这样啊	2
深圳技师学院发了通知有本事就别删当别人傻子啊东西都被清出来了丢也丢了不少是不是看我们一直咬着赔偿问题不放你们就给我们放烟雾弹出来还一直在那里压热搜有这个钱陪我们东西不好吗	2
任正非签发的新文件疫情期间给华为园区内的商户减免租金中华有为	1
深圳牛b	1
彻底的陷在这了 难过	2
明起深圳公交地铁恢复运营乘车需出示48小时核酸阴性证明	0
双向奔赴 真的不是说说而已30公里我来了	1
深圳加油我们共战疫情迎接零增长早日解封	1
愿过了今天你我又能乘风万里脚踏实地	1
深圳还有哪些地区现在属于社会面啊	0
深圳按下暂停键的第五天 快乐的宅家生活	1
今天是封控的第七天不知道今天之后是不是要解封了三天两检的核酸变成了一天一检但我觉得没什么配合就是了	1
我们这个小区在深圳市南山区粤海街道所有人员无通行证不能出小区小区内有一个核酸检测点从早上8点到晚上9点开放小区居民都非常自觉排队小区物业管理人员没有放假抓紧时间维修路灯	1
嗷呜呜呜呜 居家办公期间隔壁好邻居送来了拿铁	1
为深圳防疫做自己力所能及的事情	1
拍脑袋直接一刀切东莞深圳快递停运仓库停发货公司基本就等于一分钱收入都没有员工可以居家办公可是仓库不发货钱从哪来员工也不容易所以摸着良心也不能想减薪的路子可是工资社保公积金税金场租房贷车贷没有一分钱可以少甚至无法晚一秒睁开眼睛就是开销大企业无非勒紧裤腰带就好小微企业撑得住吗小老板们愿意卖房支撑房子卖得出去吗自己一家老小员工们也有一家老小这几年的勉强支撑为了能撑下来哪个身上没背经营债七天也许很短但对于很多帐面只有几万在运营的小企业来说突然加上这次停工已经不是雪上加霜这7天的每一天都是一张接一张的催命符	2
24小时过去了然后现在东心岭啥情况都不知道	2
宝安区社区防疫人员 热线客服请的都是什么人呀 还是工作压力太大了 为什么戾气好重	2
整整三十天了每天一睁眼就看见十二的大饼脸子除了压的我踹不过气来还是蛮治愈的下雨天阴沉沉的大白们都只穿着薄薄一层的雨衣不停奔波好累哦新增确诊逐渐减少只是这两天消毒水的味道越来越臭了自来水大家都不太敢喝终于知道为什么要撤离了但目前的速度来看估计全面消杀完人都还在原地吧整个环境的味道简直不要太上头了 yue在家也乖乖地把口罩戴上了	2
希望其他城市也能推广深圳这么有温度的做法 如果一定要集中隔离携宠是最节约社会成本和保护群众情感的方式建议推广 小型宠物可携带陪同隔离了	1
亲爱的深圳您好说好的今天20号解封别忘记了哟	1
听到被困在学校的保洁人员们抱怨食堂太贵在食堂看到她们几乎只点米饭和青菜	2
多地疫情数据对比无症状感染者也是传染源也需要隔离治疗疫情什么时候过去	2
像极了p上去的 给孩子封傻了	2
希望疫情结束	1
21号能正常上班么	0
《深圳跑者 | 封闭期间在宿舍阳台4分配跑步是一种什么样的体验》在一切可能的地方他们运动着奔跑着坚持着这本身也是参与抗击疫情的行动体现只有强身健体身体的免疫力增强了才能降低病毒的入侵深圳跑者战疫情我们在行动相信我们会迎来曙光加油深圳跑者加油深圳	1
防控人员由于长时间戴着手套手都捂出手癣了有些人还一门心思只惦记着自己的猫狗惦记着谁替他们喂一下猫狗进入封控区喂猫狗不用穿防护服吗不用戴手套吗你们能不能给防控人员点时间让他们褪下手套晾晾手	2
宝安挺住西乡挺住加油 千万不要点外卖吖	1
疫情期间深圳人民是煎熬的深圳多次上热搜是房价深圳的房价是高有钱人也有但真正的有钱人占总人口的百分之二十剩下的大部分都是穷人拼命赚钱不过是稳两餐高楼大厦是深圳的表象城中村才是深圳的底色	2
这就是你需要尊重基层一线抗疫人员的原因她们辛苦了	1
深圳加油	1
吉林省新增1456例本土确诊 口罩的正确使用方法 疫情防护口罩不能少有关口罩的正确戴法和摘法你知道吗戳视频一起学习南京疫情天津新增本土确诊51例	0
深圳街出现频率最高的人疫情快点结束吧	2
我就是这场疫情里的大冤种核酸在哪我往哪刚刚说中午12点结束一晚上没睡的好不容易睡着又给叫起来去做心里有一万句	2
按照今天早上的通报来看预测今天会集中的得封一批社区和街道调整为管控区然后宣布其余解封但仍然禁止堂食应该也会让有条件的公司建议继续居家办公	0
今天第八天走出小区的那一刻 嗯外面真好[皱眉] 天使白志愿红守护蓝一一就位 昨天不差今天很好明天会更好✌	1
以后的电视剧会把疫情写进去吗	0
朋友们加油 深圳加油	1
做自己想做的事见自己相见的人	1
再封下去都要成了无症状精神病感染者了	2
新增92例我想问一下卫健委79-92怎么就不显示是哪个区的这么含糊合适吗你哪怕说一下在哪个区以后是不是都这么搞那更不清楚到底身边哪里有新增了	2
3月18日0-24时深圳新增77例病例其中7例在社区筛查中发现4例在重点人群筛查中发现22例在重点区域筛查中发现44例在隔离观察的密接人员排查中发现；46例诊断为新冠肺炎确诊病例31例诊断为新冠病毒无症状感染者详情请见下图↓↓↓ 3月18日深圳在隔离观察的密接者中发现44例在重点区域重点人群和社区筛查中发现33例新增病例	0
响应 管控要求这几天一直在家待着直到今天错峰出来采购生活物资这才发现附近的风铃木全开花了真有种恍如隔世的感觉看着树梢的绿芽和黄花春天来了相信在所有人的努力下我们一定会赢得胜利	1
为爱发电	1
还有九天解封再封下去我和狗都疯了	2
房东叫我交房租银行叫我还贷款国家叫我在家睡觉政府叫我不要上班小区让我不要出门全国都在喊加油但是钱从哪里来大家没有说	2
深圳上沙何时能解封需要什么条件符合什么规则能否给出一个确切的说法从2月22日至今已经足足一个月了椰树村在此期间从未有任何通知提到解封或是片区解封的消息甚至连类似是否是最后一例确诊加14天无新增即可解封这种说法都没有从3月初每个片区每个院子都独立封闭隔离并一再强调足不出户绝大部分居民都有很好配合防疫工作但是为什么昨天又会出现一例确诊社区给的是该居民夜间偷跑出来购物而被感染这种理由夜间偷跑每栋楼楼下都有大白守着还有几层铁板拦着怎么偷跑的购物这个上沙没有一家店开着上哪里购的物如果说是气溶胶传播从得知到现在已经十多天了我们这片区至少没有任何针对此项的防疫工作实施整个上沙社区不对任何关于解封之事做明文通知全员陪跑还要多久	2
再挺一挺就要解封啦	1
好家伙跟天台吵闹的人吵起来后他们不上天台了改成每天早上八点多按我家楼栋门禁门铃了我正常上班时候都不会八点起来真是见鬼的遇上小人了楼栋里监控都是摆设房管说全部都没用好家伙这表面功夫做的这两年真是倒了八辈子霉了	2
你们是不是忘了深圳还有个福田区福田区每个新增几十例福田区怎么可能复工复产	2
疫情期间来我家做客的花蝴蝶	1
等解封了老娘要用最新的粉底液喷最贵的香水出去作妖	1
“慢生活”前的湾区之光	1
世事无常是常态保持乐观好心态人生虽己命注定事在人为运可变	1
真正需要关注的是一个一个的小市民而不是一些虚无缥缈的英雄主义颂歌或悲歌	2
银行叫你还贷国家叫你在家睡觉政府叫你不要上班小区叫你不要出门全国都在喊加油但钱从哪里来	2
下的全封闭今天下楼核酸 看到小区里用鲜花摆的字有点破防 疫情之下 网课之余 家长们也在用尽全力陪伴孩子带着口罩陪放风筝的 搭帐篷的 滑滑轮的看着心酸又温馨	1
当事情没有发生在自己身上的时候 大家都觉得无关痛痒 觉得不转发没问题 但如果没有人把事实公布出来 就真的没人知道	2
实在搞不懂好不容易消停两天罗湖区又要求天天呆家里大门都不出的学生往人堆里扎进去做核酸	2
对于袁国勇建议的95接种率可放宽防疫措施特首林郑月娥出席记者会时表示若要「讲实」一定要达至95接种率才放宽防疫或入境限制或会令市民感到害怕她指出超过一年的努力首针才刚过913近日打针数字不断下降昨日仅8000多人打首针去到最尾最后一公里是最难因为是一些立场好坚定就是不打的人如果要等到95才放宽是一个好漫长的路70岁以上接种率才70若定一个95甚至99的太难太理想的目标是自缚手脚做不到又被市民投诉我们市民也都忍耐了很久做不到又要整个社会承受不能入境无得返香港现时仍要努力提升接苗接种率但不可定一个太理想的目标	0
为深圳战疫献出自己的力量	1
温暖守护 希岸为社区抗疫工作提供暖心支援在将近30度的高温下的深圳连续十天防疫人员从清晨到深夜默默地忍受着酸痛与疲倦一次又一次地抬起沉重的胳膊进行采样这一次抬起手得到的却是一碗精心准备的绿豆糖水需要时刻希岸都在希岸用行动宠爱每一位在逆行中有需要的你面对这场与时间赛跑的疫情防控攻坚战无偿给防疫人员提供更衣室会议室为他们刻提供温暖的守护	1
再不解封 我可能就要疯了	2
哎深夜还在改方案	2
现在去哪里都要扫码电子设备打卡看48小时内核酸但是解封后核酸点都没看到了去医院8点就停止咋办下个班过去医生也下班了但是没有核酸又寸步难行太为难了吧	2
希望疫情快快结束	1
油价上涨在即只有3次机会外出买菜的我也得去趟加满油缺钱的打工人	2
一直有一个问题我很好奇疫情现在遍地开花每天打开热搜都能看见各种企业明星驰援各地怎么似乎没见过有驰援大湾区的深圳内忧外患也很严重呢几乎很少热搜	2
球球了下周可以回公司上班再居家办公人要疯癫了	2
天天都接四五个流调电话人都要整疯了信息不统一一个问题几个人来问太煎熬了确诊不可怕可怕的是没确诊前的心理奔溃	2
居家隔离那些小事儿 要不是不能外出可能这辈子都不知道小区里有那么多小屁孩；核酸一人排队全家人在你前面不过算了要么老要么小； 还有为什么每次做核酸老都碰见医生下班临时撤队这种事； 小区里那家很拉垮的超市这时候成为了唯一的粮库； 本来还打算改掉囤积癖看着余粮半个月不出门都饿不死还是先不戒了；看着快递停发有点想念寄到公司里的佛跳墙意粉各种速食	2
深圳为什么老不承认自己的做法是封城呢 人社局自己都承认了 虽然发布后秒删	2
这七天的慢生活又让我熬起了夜同时也让我有了退休的感觉我想一直慢下去了	2
又是一捅	2
今天深圳人民可以出来搞钱了上班比放假还要开心	1
能理解迟到的原因了	1
一整个大崩溃昨天做核酸排了三个多小时队排队的步数都刷了七千多今天想付费做社康不做想出去做不让出去新增的两个点看又全是人一个点就俩医护我不想再花几个小时在排队了上	2
激动人心	1
早上好发仔可否帮我出去小区买点菜回来最近小区封了全家的买菜任务就交给你了八字眉招财猫	1
好好做饭好好吃饭好好生活好好工作	1
深圳市龙岗辖区全域实行交通临时管制深圳市龙岗区新型冠状病毒肺炎疫情防控指挥部发布通告为应对当前严峻的疫情形势进一步落实好《关于做好全市三轮全员核酸检测的通告》《深圳市龙岗区新型冠状病毒肺炎疫情防控指挥部通告〔2022〕1号》精神更好维护居民朋友的健康安全尽快实现社会面清零目标龙岗辖区全域实行交通临时管制车辆“凭证通行”非必要不上路详情请见下图↓↓↓ 龙岗辖区全域实行交通临时管制车辆“凭证通行”非必要不上路	0
深圳加油打赢帝国主义的这次病毒阴谋	1
疫情战争飞机失联仿佛在教我们珍惜眼前希望有奇迹发生愿平安	1
现实版六大门派围攻光明顶小绿加油深圳加油	1
淦啊怎么越来越多了	2
疫情之下需要权衡轻重利弊太多不希望疫情再来不希望再被一刀切	2
其实有也不错	1
说没有配合工作的请看看	0
昨天我发的一条微博“深圳骑手无家可归”就在刚刚收到了信息39家美团爱心酒店12处休息驿站美团外卖为深圳全行业骑手提供免费住宿外卖骑手只需要做好扫码登记出示24小时内核酸阴性证明测量体温后就可以办理入住一分钱不花此外免费提供热水泡面洗手液水果被子等物资供外卖小哥入住驿站还免费提供被子对于无法自由出门的骑手暂时留在家里美团平台还给骑手发放物资保障关怀包等	0
怎么回事 管控居然能够允许这种事情发生吗现状感觉像一个充气到要极限边缘的气球准备爆炸了	2
3月18日深圳市卫健委公布全市新增本土病例105例其中宝安区7例西乡6例沙井1例病例85男31岁居住在宝安区西乡街道塘东西8巷在隔离观察的密接人员排查中发现病例86女31岁居住在宝安区西乡街道自由七队1巷在重点区域筛查中发现病例87女32岁居住在宝安区西乡街道凤凰岗2村在隔离观察的密接人员排查中发现病例88女23岁居住在宝安区西乡街道下塘二巷在隔离观察的密接人员排查中发现病例89男36岁居住在宝安区西乡街道塘西新村11巷在社区筛查中发现病例90男9月居住在宝安区西乡街道凤凰岗2村在隔离观察的密接人员排查中发现病例91女81岁居住在宝安区沙井街道坣岗盛芳园在隔离观察的密接人员排查中发现	0
外卖也不能送了送完后马上回来 回家静置也不要再接单了	0
今天塘晏村还有26个别的村也有了真的害怕前天晚上就收拾好行李了现在还是没有车来接希望转移快一点吧求求了	2
为啥这里没有居住地	2
以前有“网球手”疫情过后估计会多一个术语出来“采样手”隔三差五去采样胳膊这两天疼的不行抽空去理疗科针灸一下好很多很多同事都是这样希望疫情能快点结束深圳加油	1
居家隔离第二天深圳菜价真的是要让人吃不起啊大蒜头9块多一斤四颗5块多真的是第一次见八块一斤的普通黄瓜小白菜8块一斤 一把小白菜6块4小米椒33块我真无语了	2
全市党政机关企事业单位生产经营单位等恢复正常工作秩序和生产经营公交地铁全面恢复运行确保产业链供应链安全稳定确保群众正常生产生活平稳有序深圳市新型冠状病毒肺炎疫情防控指挥部通告〔2022〕3号	0
当城市按下暂停键 居家生活就每日想着吃什么 于是我被安排每天换着花样在做好吃的美食博主 厨艺又增长不少在家捣鼓烤肉日式料理锅法式甜品 吃完后我更希望疫情快过去深圳好起来	1
深圳一女子做核酸不配合深圳福田区上梅林新村一女子不配合核酸检测几秒就能完成的事情硬生生耗了五分钟有网友说女子可能精神有问题都不配合工作人员工作；也有网友说大白们的脾气都太好了要是我真想上去撬开她的嘴巴虽然核酸采样有点儿难受但是疫情期间人人有责不管什么样的情况大家都应当主动配合你们说是吗这样妨碍防疫工作危害公共安全真希望民警能把她教育一番遇到这样的人你会怎么做呢	2
前两天去做核酸的时候拍的日落 希望疫情赶紧消失 真的不想再上网课了	2